"date","rupee"
"7/1/2002",48.86
"7/2/2002",48.87
"7/3/2002",48.83
"7/5/2002",48.86
"7/8/2002",48.84
"7/9/2002",48.82
"7/10/2002",48.82
"7/11/2002",48.81
"7/12/2002",48.8
"7/15/2002",48.85
"7/16/2002",48.83
"7/17/2002",48.81
"7/18/2002",48.82
"7/19/2002",48.75
"7/22/2002",48.73
"7/23/2002",48.72
"7/24/2002",48.7
"7/25/2002",48.71
"7/26/2002",48.71
"7/29/2002",48.76
"7/30/2002",48.74
"7/31/2002",48.69
"8/1/2002",48.68
"8/2/2002",48.68
"8/5/2002",48.67
"8/6/2002",48.73
"8/7/2002",48.7
"8/8/2002",48.68
"8/9/2002",48.67
"8/12/2002",48.64
"8/13/2002",48.62
"8/14/2002",48.63
"8/15/2002",48.63
"8/16/2002",48.6
"8/19/2002",48.61
"8/20/2002",48.59
"8/21/2002",48.56
"8/22/2002",48.55
"8/23/2002",48.55
"8/26/2002",48.55
"8/27/2002",48.53
"8/28/2002",48.6
"8/29/2002",48.54
"8/30/2002",48.52
"9/3/2002",48.5
"9/4/2002",48.48
"9/5/2002",48.5
"9/6/2002",48.57
"9/9/2002",48.52
"9/10/2002",48.52
"9/11/2002",48.48
"9/12/2002",48.48
"9/13/2002",48.47
"9/16/2002",48.43
"9/17/2002",48.45
"9/18/2002",48.43
"9/19/2002",48.44
"9/20/2002",48.46
"9/23/2002",48.44
"9/24/2002",48.42
"9/25/2002",48.43
"9/26/2002",48.43
"9/27/2002",48.4
"9/30/2002",48.4
"10/1/2002",48.39
"10/2/2002",48.39
"10/3/2002",48.38
"10/4/2002",48.38
"10/7/2002",48.35
"10/8/2002",48.39
"10/9/2002",48.34
"10/10/2002",48.38
"10/11/2002",48.36
"10/15/2002",48.36
"10/16/2002",48.41
"10/17/2002",48.42
"10/18/2002",48.44
"10/21/2002",48.38
"10/22/2002",48.39
"10/23/2002",48.35
"10/24/2002",48.42
"10/25/2002",48.41
"10/28/2002",48.45
"10/29/2002",48.41
"10/30/2002",48.35
"10/31/2002",48.39
"11/1/2002",48.36
"11/4/2002",48.36
"11/5/2002",48.35
"11/6/2002",48.36
"11/7/2002",48.34
"11/8/2002",48.29
"11/12/2002",48.3
"11/13/2002",48.3
"11/14/2002",48.29
"11/15/2002",48.23
"11/18/2002",48.23
"11/19/2002",48.23
"11/20/2002",48.25
"11/21/2002",48.21
"11/22/2002",48.22
"11/25/2002",48.23
"11/26/2002",48.24
"11/27/2002",48.27
"11/29/2002",48.36
"12/2/2002",48.32
"12/3/2002",48.28
"12/4/2002",48.23
"12/5/2002",48.27
"12/6/2002",48.24
"12/9/2002",48.24
"12/10/2002",48.24
"12/11/2002",48.18
"12/12/2002",48.22
"12/13/2002",48.2
"12/16/2002",48.18
"12/17/2002",48.16
"12/18/2002",48.15
"12/19/2002",48.11
"12/20/2002",48.03
"12/23/2002",48.03
"12/24/2002",48.04
"12/26/2002",48.05
"12/27/2002",48.01
"12/30/2002",47.96
"12/31/2002",48
"1/2/2003",48.05
"1/3/2003",48.03
"1/6/2003",48.01
"1/7/2003",48
"1/8/2003",48
"1/9/2003",47.96
"1/10/2003",48
"1/13/2003",47.96
"1/14/2003",47.95
"1/15/2003",47.97
"1/16/2003",47.96
"1/17/2003",47.96
"1/21/2003",47.97
"1/22/2003",47.93
"1/23/2003",47.92
"1/24/2003",47.9
"1/27/2003",48.1
"1/28/2003",47.92
"1/29/2003",47.83
"1/30/2003",47.85
"1/31/2003",47.83
"2/3/2003",47.8
"2/4/2003",47.82
"2/5/2003",47.77
"2/6/2003",47.8
"2/7/2003",47.72
"2/10/2003",47.69
"2/11/2003",47.7
"2/12/2003",47.89
"2/13/2003",47.87
"2/14/2003",47.92
"2/18/2003",47.75
"2/19/2003",47.7
"2/20/2003",47.65
"2/21/2003",47.65
"2/24/2003",47.74
"2/25/2003",47.74
"2/26/2003",47.67
"2/27/2003",47.66
"2/28/2003",47.66
"3/3/2003",47.7
"3/4/2003",47.85
"3/5/2003",47.8
"3/6/2003",47.63
"3/7/2003",47.8
"3/10/2003",47.7
"3/11/2003",47.64
"3/12/2003",47.65
"3/13/2003",47.66
"3/14/2003",47.66
"3/17/2003",47.68
"3/18/2003",47.68
"3/19/2003",47.72
"3/20/2003",47.75
"3/21/2003",47.66
"3/24/2003",47.68
"3/25/2003",47.64
"3/26/2003",47.64
"3/27/2003",47.59
"3/28/2003",47.55
"3/31/2003",47.53
"4/1/2003",47.45
"4/2/2003",47.4
"4/3/2003",47.43
"4/4/2003",47.44
"4/7/2003",47.44
"4/8/2003",47.46
"4/9/2003",47.45
"4/10/2003",47.4
"4/11/2003",47.38
"4/14/2003",47.44
"4/15/2003",47.36
"4/16/2003",47.38
"4/17/2003",47.34
"4/18/2003",47.34
"4/21/2003",47.38
"4/22/2003",47.34
"4/23/2003",47.35
"4/24/2003",47.36
"4/25/2003",47.37
"4/28/2003",47.35
"4/29/2003",47.37
"4/30/2003",47.37
"5/1/2003",47.35
"5/2/2003",47.35
"5/5/2003",47.3
"5/6/2003",47.28
"5/7/2003",47.28
"5/8/2003",47.25
"5/9/2003",47.2
"5/12/2003",47.18
"5/13/2003",47.15
"5/14/2003",47.15
"5/15/2003",47.13
"5/16/2003",47.12
"5/19/2003",46.99
"5/20/2003",46.95
"5/21/2003",46.9
"5/22/2003",46.91
"5/23/2003",46.87
"5/27/2003",46.85
"5/28/2003",46.98
"5/29/2003",47.05
"5/30/2003",47.07
"6/2/2003",47.15
"6/3/2003",46.95
"6/4/2003",46.85
"6/5/2003",46.84
"6/6/2003",46.88
"6/9/2003",46.87
"6/10/2003",46.79
"6/11/2003",46.7
"6/12/2003",46.73
"6/13/2003",46.7
"6/16/2003",46.66
"6/17/2003",46.59
"6/18/2003",46.62
"6/19/2003",46.61
"6/20/2003",46.57
"6/23/2003",46.66
"6/24/2003",46.57
"6/25/2003",46.58
"6/26/2003",46.57
"6/27/2003",46.4
"6/30/2003",46.4
"7/1/2003",46.49
"7/2/2003",46.36
"7/3/2003",46.4
"7/7/2003",46.34
"7/8/2003",46.3
"7/9/2003",46.24
"7/10/2003",46.21
"7/11/2003",46.1
"7/14/2003",46.06
"7/15/2003",46.13
"7/16/2003",46.23
"7/17/2003",46.23
"7/18/2003",46.29
"7/21/2003",46.27
"7/22/2003",46.15
"7/23/2003",46.16
"7/24/2003",46.15
"7/25/2003",46.15
"7/28/2003",46.15
"7/29/2003",46.13
"7/30/2003",46.15
"7/31/2003",46.15
"8/1/2003",46.18
"8/4/2003",46.15
"8/5/2003",46.14
"8/6/2003",46.05
"8/7/2003",45.98
"8/8/2003",46.01
"8/11/2003",45.99
"8/12/2003",45.89
"8/13/2003",45.95
"8/14/2003",46
"8/15/2003",46
"8/18/2003",45.9
"8/19/2003",45.85
"8/20/2003",45.88
"8/21/2003",45.8
"8/22/2003",45.88
"8/25/2003",45.9
"8/26/2003",45.88
"8/27/2003",45.88
"8/28/2003",45.88
"8/29/2003",45.88
"9/2/2003",45.88
"9/3/2003",45.9
"9/4/2003",45.8
"9/5/2003",45.88
"9/8/2003",45.85
"9/9/2003",45.8
"9/10/2003",45.82
"9/11/2003",45.72
"9/12/2003",45.8
"9/15/2003",45.8
"9/16/2003",45.9
"9/17/2003",45.95
"9/18/2003",46
"9/19/2003",45.98
"9/22/2003",45.77
"9/23/2003",45.77
"9/24/2003",45.88
"9/25/2003",45.88
"9/26/2003",45.77
"9/29/2003",45.85
"9/30/2003",45.78
"10/1/2003",45.7
"10/2/2003",45.43
"10/3/2003",45.33
"10/6/2003",45.49
"10/7/2003",45.33
"10/8/2003",45.43
"10/9/2003",45.29
"10/10/2003",45.42
"10/14/2003",45.66
"10/15/2003",45.7
"10/16/2003",45.33
"10/17/2003",45.33
"10/20/2003",45.36
"10/21/2003",45.33
"10/22/2003",45.35
"10/23/2003",45.33
"10/24/2003",45.32
"10/27/2003",45.4
"10/28/2003",45.31
"10/29/2003",45.36
"10/30/2003",45.35
"10/31/2003",45.33
"11/3/2003",45.32
"11/4/2003",45.31
"11/5/2003",45.34
"11/6/2003",45.3
"11/7/2003",45.33
"11/10/2003",45.33
"11/12/2003",45.36
"11/13/2003",45.39
"11/14/2003",45.44
"11/17/2003",45.55
"11/18/2003",45.62
"11/19/2003",45.63
"11/20/2003",45.78
"11/21/2003",45.75
"11/24/2003",45.88
"11/25/2003",45.95
"11/26/2003",45.88
"11/28/2003",45.82
"12/1/2003",45.77
"12/2/2003",45.7
"12/3/2003",45.63
"12/4/2003",45.66
"12/5/2003",45.66
"12/8/2003",45.55
"12/9/2003",45.55
"12/10/2003",45.55
"12/11/2003",45.55
"12/12/2003",45.55
"12/15/2003",45.55
"12/16/2003",45.5
"12/17/2003",45.55
"12/18/2003",45.5
"12/19/2003",45.54
"12/22/2003",45.52
"12/23/2003",45.52
"12/24/2003",45.5
"12/26/2003",45.5
"12/29/2003",45.66
"12/30/2003",45.57
"12/31/2003",45.55
"1/2/2004",45.68
"1/5/2004",45.6
"1/6/2004",45.66
"1/7/2004",45.53
"1/8/2004",45.55
"1/9/2004",45.48
"1/12/2004",45.44
"1/13/2004",45.44
"1/14/2004",45.42
"1/15/2004",45.44
"1/16/2004",45.45
"1/20/2004",45.43
"1/21/2004",45.43
"1/22/2004",45.43
"1/23/2004",45.43
"1/26/2004",45.36
"1/27/2004",45.38
"1/28/2004",45.36
"1/29/2004",45.29
"1/30/2004",45.32
"2/2/2004",45.3
"2/3/2004",45.3
"2/4/2004",45.3
"2/5/2004",45.29
"2/6/2004",45.3
"2/9/2004",45.25
"2/10/2004",45.22
"2/11/2004",45.24
"2/12/2004",45.23
"2/13/2004",45.24
"2/17/2004",45.28
"2/18/2004",45.24
"2/19/2004",45.28
"2/20/2004",45.23
"2/23/2004",45.32
"2/24/2004",45.32
"2/25/2004",45.25
"2/26/2004",45.27
"2/27/2004",45.32
"3/1/2004",45.32
"3/2/2004",45.25
"3/3/2004",45.22
"3/4/2004",45.32
"3/5/2004",45.32
"3/8/2004",45.26
"3/9/2004",45.23
"3/10/2004",45.25
"3/11/2004",45.28
"3/12/2004",45.22
"3/15/2004",45.25
"3/16/2004",45.22
"3/17/2004",45.27
"3/18/2004",45.25
"3/19/2004",45.2
"3/22/2004",45.15
"3/23/2004",44.85
"3/24/2004",44.8
"3/25/2004",44.73
"3/26/2004",44.44
"3/29/2004",44
"3/30/2004",44.07
"3/31/2004",43.4
"4/1/2004",43.4
"4/2/2004",43.75
"4/5/2004",43.67
"4/6/2004",43.7
"4/7/2004",43.55
"4/8/2004",43.6
"4/9/2004",43.45
"4/12/2004",43.66
"4/13/2004",43.75
"4/14/2004",43.69
"4/15/2004",44
"4/16/2004",43.85
"4/19/2004",43.88
"4/20/2004",43.97
"4/21/2004",44.1
"4/22/2004",44.14
"4/23/2004",44
"4/26/2004",44.1
"4/27/2004",44.23
"4/28/2004",44.21
"4/29/2004",44.4
"4/30/2004",44.52
"5/3/2004",44.88
"5/4/2004",44.7
"5/5/2004",44.55
"5/6/2004",44.65
"5/7/2004",44.66
"5/10/2004",44.95
"5/11/2004",45.35
"5/12/2004",45.35
"5/13/2004",45.25
"5/14/2004",45.57
"5/17/2004",45.5
"5/18/2004",45.47
"5/19/2004",45.18
"5/20/2004",45.28
"5/21/2004",45.28
"5/24/2004",45.31
"5/25/2004",45.36
"5/26/2004",45.4
"5/27/2004",45.4
"5/28/2004",45.42
"6/1/2004",45.43
"6/2/2004",45.37
"6/3/2004",45.22
"6/4/2004",45.07
"6/7/2004",45.1
"6/8/2004",45.05
"6/9/2004",44.94
"6/10/2004",45.05
"6/11/2004",45.09
"6/14/2004",45.35
"6/15/2004",45.38
"6/16/2004",45.34
"6/17/2004",45.49
"6/18/2004",45.66
"6/21/2004",45.88
"6/22/2004",46.21
"6/23/2004",45.7
"6/24/2004",45.85
"6/25/2004",45.85
"6/28/2004",45.99
"6/29/2004",46.05
"6/30/2004",45.99
"7/1/2004",45.88
"7/2/2004",45.75
"7/6/2004",46.05
"7/7/2004",45.84
"7/8/2004",45.75
"7/9/2004",45.66
"7/12/2004",45.72
"7/13/2004",45.86
"7/14/2004",45.95
"7/15/2004",46.08
"7/16/2004",45.96
"7/19/2004",46.11
"7/20/2004",46.1
"7/21/2004",46.13
"7/22/2004",46.3
"7/23/2004",46.35
"7/26/2004",46.28
"7/27/2004",46.25
"7/28/2004",46.3
"7/29/2004",46.45
"7/30/2004",46.4
"8/2/2004",46.35
"8/3/2004",46.35
"8/4/2004",46.36
"8/5/2004",46.35
"8/6/2004",46.33
"8/9/2004",46.4
"8/10/2004",46.34
"8/11/2004",46.32
"8/12/2004",46.21
"8/13/2004",46.27
"8/16/2004",46.36
"8/17/2004",46.34
"8/18/2004",46.34
"8/19/2004",46.27
"8/20/2004",46.25
"8/23/2004",46.26
"8/24/2004",46.3
"8/25/2004",46.36
"8/26/2004",46.35
"8/27/2004",46.28
"8/30/2004",46.35
"8/31/2004",46.35
"9/1/2004",46.34
"9/2/2004",46.32
"9/3/2004",46.33
"9/7/2004",46.35
"9/8/2004",46.35
"9/9/2004",46.3
"9/10/2004",46.26
"9/13/2004",46.18
"9/14/2004",45.85
"9/15/2004",45.81
"9/16/2004",45.82
"9/17/2004",45.84
"9/20/2004",45.93
"9/21/2004",45.86
"9/22/2004",45.86
"9/23/2004",45.87
"9/24/2004",45.9
"9/27/2004",45.97
"9/28/2004",46.1
"9/29/2004",46
"9/30/2004",45.91
"10/1/2004",45.85
"10/4/2004",45.85
"10/5/2004",45.86
"10/6/2004",45.86
"10/7/2004",45.86
"10/8/2004",45.8
"10/12/2004",45.87
"10/13/2004",45.83
"10/14/2004",45.81
"10/15/2004",45.85
"10/18/2004",45.83
"10/19/2004",45.85
"10/20/2004",45.7
"10/21/2004",45.65
"10/22/2004",45.62
"10/25/2004",45.58
"10/26/2004",45.66
"10/27/2004",45.57
"10/28/2004",45.51
"10/29/2004",45.3
"11/1/2004",45.33
"11/2/2004",45.4
"11/3/2004",45.33
"11/4/2004",45.1
"11/5/2004",45.1
"11/8/2004",45.08
"11/9/2004",45.12
"11/10/2004",45.14
"11/12/2004",45.04
"11/15/2004",45.03
"11/16/2004",45.01
"11/17/2004",44.96
"11/18/2004",45
"11/19/2004",45
"11/22/2004",44.97
"11/23/2004",45.02
"11/24/2004",44.94
"11/26/2004",44.94
"11/29/2004",44.67
"11/30/2004",44.47
"12/1/2004",44.3
"12/2/2004",44.1
"12/3/2004",44
"12/6/2004",43.51
"12/7/2004",43.6
"12/8/2004",44.15
"12/9/2004",44.12
"12/10/2004",44.52
"12/13/2004",44.15
"12/14/2004",44.05
"12/15/2004",43.86
"12/16/2004",43.75
"12/17/2004",43.88
"12/20/2004",43.85
"12/21/2004",43.66
"12/22/2004",43.8
"12/23/2004",43.61
"12/24/2004",43.63
"12/27/2004",43.75
"12/28/2004",43.63
"12/29/2004",43.67
"12/30/2004",43.62
"12/31/2004",43.27
"1/3/2005",43.35
"1/4/2005",43.47
"1/5/2005",43.6
"1/6/2005",43.75
"1/7/2005",43.63
"1/10/2005",43.82
"1/11/2005",43.68
"1/12/2005",43.53
"1/13/2005",43.52
"1/14/2005",43.55
"1/18/2005",43.59
"1/19/2005",43.61
"1/20/2005",43.7
"1/21/2005",43.64
"1/24/2005",43.65
"1/25/2005",43.65
"1/26/2005",43.65
"1/27/2005",43.65
"1/28/2005",43.66
"1/31/2005",43.6
"2/1/2005",43.66
"2/2/2005",43.28
"2/3/2005",43.3
"2/4/2005",43.34
"2/7/2005",43.38
"2/8/2005",43.58
"2/9/2005",43.62
"2/10/2005",43.68
"2/11/2005",43.7
"2/14/2005",43.64
"2/15/2005",43.71
"2/16/2005",43.65
"2/17/2005",43.68
"2/18/2005",43.73
"2/22/2005",43.63
"2/23/2005",43.61
"2/24/2005",43.57
"2/25/2005",43.61
"2/28/2005",43.57
"3/1/2005",43.58
"3/2/2005",43.59
"3/3/2005",43.58
"3/4/2005",43.64
"3/7/2005",43.58
"3/8/2005",43.58
"3/9/2005",43.55
"3/10/2005",43.48
"3/11/2005",43.45
"3/14/2005",43.44
"3/15/2005",43.46
"3/16/2005",43.5
"3/17/2005",43.55
"3/18/2005",43.67
"3/21/2005",43.61
"3/22/2005",43.61
"3/23/2005",43.66
"3/24/2005",43.65
"3/25/2005",43.62
"3/28/2005",43.67
"3/29/2005",43.7
"3/30/2005",43.69
"3/31/2005",43.62
"4/1/2005",43.62
"4/4/2005",43.68
"4/5/2005",43.69
"4/6/2005",43.72
"4/7/2005",43.69
"4/8/2005",43.66
"4/11/2005",43.6
"4/12/2005",43.62
"4/13/2005",43.65
"4/14/2005",43.64
"4/15/2005",43.7
"4/18/2005",43.62
"4/19/2005",43.7
"4/20/2005",43.58
"4/21/2005",43.68
"4/22/2005",43.66
"4/25/2005",43.61
"4/26/2005",43.6
"4/27/2005",43.6
"4/28/2005",43.68
"4/29/2005",43.48
"5/2/2005",43.46
"5/3/2005",43.56
"5/4/2005",43.4
"5/5/2005",43.33
"5/6/2005",43.35
"5/9/2005",43.45
"5/10/2005",43.36
"5/11/2005",43.21
"5/12/2005",43.3
"5/13/2005",43.35
"5/16/2005",43.38
"5/17/2005",43.41
"5/18/2005",43.43
"5/19/2005",43.45
"5/20/2005",43.34
"5/23/2005",43.45
"5/24/2005",43.45
"5/25/2005",43.43
"5/26/2005",43.46
"5/27/2005",43.41
"5/31/2005",43.62
"6/1/2005",43.71
"6/2/2005",43.64
"6/3/2005",43.5
"6/6/2005",43.58
"6/7/2005",43.53
"6/8/2005",43.46
"6/9/2005",43.46
"6/10/2005",43.48
"6/13/2005",43.6
"6/14/2005",43.57
"6/15/2005",43.56
"6/16/2005",43.55
"6/17/2005",43.5
"6/20/2005",43.53
"6/21/2005",43.5
"6/22/2005",43.45
"6/23/2005",43.51
"6/24/2005",43.5
"6/27/2005",43.44
"6/28/2005",43.46
"6/29/2005",43.5
"6/30/2005",43.51
"7/1/2005",43.45
"7/5/2005",43.55
"7/6/2005",43.45
"7/7/2005",43.59
"7/8/2005",43.51
"7/11/2005",43.51
"7/12/2005",43.45
"7/13/2005",43.46
"7/14/2005",43.48
"7/15/2005",43.45
"7/18/2005",43.47
"7/19/2005",43.48
"7/20/2005",43.46
"7/21/2005",43.05
"7/22/2005",43.4
"7/25/2005",43.45
"7/26/2005",43.41
"7/27/2005",43.34
"7/28/2005",43.32
"7/29/2005",43.4
"8/1/2005",43.37
"8/2/2005",43.41
"8/3/2005",43.36
"8/4/2005",43.43
"8/5/2005",43.42
"8/8/2005",43.44
"8/9/2005",43.46
"8/10/2005",43.54
"8/11/2005",43.5
"8/12/2005",43.48
"8/15/2005",43.45
"8/16/2005",43.45
"8/17/2005",43.46
"8/18/2005",43.5
"8/19/2005",43.51
"8/22/2005",43.58
"8/23/2005",43.57
"8/24/2005",43.69
"8/25/2005",43.6
"8/26/2005",43.6
"8/29/2005",43.86
"8/30/2005",43.97
"8/31/2005",44
"9/1/2005",43.94
"9/2/2005",43.87
"9/6/2005",43.82
"9/7/2005",43.79
"9/8/2005",43.78
"9/9/2005",43.76
"9/12/2005",43.75
"9/13/2005",43.82
"9/14/2005",43.83
"9/15/2005",43.82
"9/16/2005",43.81
"9/19/2005",43.82
"9/20/2005",43.82
"9/21/2005",43.85
"9/22/2005",43.8
"9/23/2005",43.8
"9/26/2005",43.86
"9/27/2005",43.96
"9/28/2005",43.98
"9/29/2005",43.95
"9/30/2005",43.94
"10/3/2005",44
"10/4/2005",44.1
"10/5/2005",44.21
"10/6/2005",44.18
"10/7/2005",44.3
"10/11/2005",44.78
"10/12/2005",44.74
"10/13/2005",44.88
"10/14/2005",44.76
"10/17/2005",44.81
"10/18/2005",45.05
"10/19/2005",45.1
"10/20/2005",45.11
"10/21/2005",45.01
"10/24/2005",45.11
"10/25/2005",44.96
"10/26/2005",45.01
"10/27/2005",44.94
"10/28/2005",45.01
"10/31/2005",45.09
"11/1/2005",45.02
"11/2/2005",45.18
"11/3/2005",45.23
"11/4/2005",45.43
"11/7/2005",45.78
"11/8/2005",45.72
"11/9/2005",45.73
"11/10/2005",45.69
"11/14/2005",45.62
"11/15/2005",45.61
"11/16/2005",45.73
"11/17/2005",45.67
"11/18/2005",45.7
"11/21/2005",45.7
"11/22/2005",45.78
"11/23/2005",45.71
"11/25/2005",45.77
"11/28/2005",45.85
"11/29/2005",45.84
"11/30/2005",45.87
"12/1/2005",45.97
"12/2/2005",46.11
"12/5/2005",46.26
"12/6/2005",46.13
"12/7/2005",46.17
"12/8/2005",46.18
"12/9/2005",46.11
"12/12/2005",46
"12/13/2005",46.01
"12/14/2005",45.63
"12/15/2005",45.28
"12/16/2005",45.19
"12/19/2005",44.94
"12/20/2005",45.14
"12/21/2005",45.17
"12/22/2005",45.14
"12/23/2005",45.11
"12/27/2005",45.17
"12/28/2005",45.06
"12/29/2005",45.11
"12/30/2005",44.95
"1/3/2006",44.92
"1/4/2006",44.73
"1/5/2006",44.6
"1/6/2006",44.32
"1/9/2006",44.2
"1/10/2006",44.14
"1/11/2006",43.89
"1/12/2006",43.99
"1/13/2006",44.1
"1/17/2006",44.23
"1/18/2006",44.29
"1/19/2006",44.14
"1/20/2006",44.1
"1/23/2006",44.1
"1/24/2006",44.19
"1/25/2006",44.08
"1/26/2006",44
"1/27/2006",44
"1/30/2006",44.04
"1/31/2006",43.96
"2/1/2006",44.13
"2/2/2006",44.16
"2/3/2006",44.14
"2/6/2006",44.14
"2/7/2006",44.15
"2/8/2006",44.17
"2/9/2006",44.1
"2/10/2006",44.1
"2/13/2006",44.17
"2/14/2006",44.15
"2/15/2006",44.15
"2/16/2006",44.25
"2/17/2006",44.33
"2/21/2006",44.36
"2/22/2006",44.54
"2/23/2006",44.36
"2/24/2006",44.35
"2/27/2006",44.41
"2/28/2006",44.21
"3/1/2006",44.35
"3/2/2006",44.18
"3/3/2006",44.09
"3/6/2006",44.18
"3/7/2006",44.24
"3/8/2006",44.36
"3/9/2006",44.3
"3/10/2006",44.31
"3/13/2006",44.38
"3/14/2006",44.37
"3/15/2006",44.11
"3/16/2006",44.29
"3/17/2006",44.26
"3/20/2006",44.25
"3/21/2006",44.29
"3/22/2006",44.36
"3/23/2006",44.43
"3/24/2006",44.49
"3/27/2006",44.58
"3/28/2006",44.49
"3/29/2006",44.53
"3/30/2006",44.45
"3/31/2006",44.48
"4/3/2006",44.39
"4/4/2006",44.58
"4/5/2006",44.42
"4/6/2006",44.49
"4/7/2006",44.46
"4/10/2006",44.66
"4/11/2006",44.68
"4/12/2006",45.09
"4/13/2006",45.05
"4/14/2006",45.02
"4/17/2006",44.97
"4/18/2006",45.08
"4/19/2006",45.01
"4/20/2006",45.06
"4/21/2006",45.05
"4/24/2006",44.86
"4/25/2006",44.88
"4/26/2006",45.04
"4/27/2006",44.84
"4/28/2006",44.86
"5/1/2006",44.77
"5/2/2006",44.82
"5/3/2006",44.81
"5/4/2006",44.81
"5/5/2006",44.85
"5/8/2006",44.82
"5/9/2006",44.84
"5/10/2006",44.84
"5/11/2006",44.88
"5/12/2006",44.89
"5/15/2006",45.37
"5/16/2006",45.05
"5/17/2006",44.69
"5/18/2006",45.26
"5/19/2006",45.35
"5/22/2006",45.42
"5/23/2006",45.38
"5/24/2006",45.56
"5/25/2006",45.74
"5/26/2006",45.81
"5/30/2006",46.13
"5/31/2006",46.22
"6/1/2006",46.19
"6/2/2006",45.67
"6/5/2006",45.7
"6/6/2006",45.8
"6/7/2006",45.89
"6/8/2006",45.91
"6/9/2006",45.81
"6/12/2006",45.71
"6/13/2006",45.81
"6/14/2006",45.5
"6/15/2006",45.83
"6/16/2006",45.69
"6/19/2006",45.76
"6/20/2006",45.8
"6/21/2006",45.8
"6/22/2006",45.99
"6/23/2006",46.01
"6/26/2006",46.22
"6/27/2006",46.21
"6/28/2006",46.25
"6/29/2006",46.13
"6/30/2006",45.87
"7/3/2006",45.92
"7/5/2006",45.92
"7/6/2006",45.99
"7/7/2006",45.84
"7/10/2006",45.97
"7/11/2006",46.01
"7/12/2006",46.09
"7/13/2006",46.16
"7/14/2006",46.19
"7/17/2006",46.64
"7/18/2006",46.61
"7/19/2006",46.81
"7/20/2006",46.75
"7/21/2006",46.64
"7/24/2006",46.83
"7/25/2006",46.76
"7/26/2006",46.68
"7/27/2006",46.52
"7/28/2006",46.53
"7/31/2006",46.49
"8/1/2006",46.51
"8/2/2006",46.61
"8/3/2006",46.48
"8/4/2006",46.42
"8/7/2006",46.51
"8/8/2006",46.47
"8/9/2006",46.4
"8/10/2006",46.32
"8/11/2006",46.5
"8/14/2006",46.52
"8/15/2006",46.47
"8/16/2006",46.47
"8/17/2006",46.36
"8/18/2006",46.38
"8/21/2006",46.4
"8/22/2006",46.44
"8/23/2006",46.45
"8/24/2006",46.42
"8/25/2006",46.41
"8/28/2006",46.47
"8/29/2006",46.45
"8/30/2006",46.37
"8/31/2006",46.43
"9/1/2006",46.38
"9/5/2006",46.19
"9/6/2006",46.13
"9/7/2006",46.14
"9/8/2006",46.06
"9/11/2006",46.19
"9/12/2006",46.27
"9/13/2006",46.18
"9/14/2006",46.12
"9/15/2006",45.95
"9/18/2006",46.09
"9/19/2006",46.08
"9/20/2006",45.83
"9/21/2006",45.74
"9/22/2006",45.77
"9/25/2006",45.83
"9/26/2006",45.77
"9/27/2006",45.76
"9/28/2006",45.78
"9/29/2006",45.95
"10/2/2006",45.97
"10/3/2006",45.68
"10/4/2006",45.65
"10/5/2006",45.57
"10/6/2006",45.42
"10/10/2006",45.67
"10/11/2006",45.55
"10/12/2006",45.52
"10/13/2006",45.31
"10/16/2006",45.35
"10/17/2006",45.19
"10/18/2006",45.28
"10/19/2006",45.22
"10/20/2006",45.18
"10/23/2006",45.3
"10/24/2006",45.18
"10/25/2006",45.36
"10/26/2006",45.19
"10/27/2006",45.07
"10/30/2006",44.9
"10/31/2006",44.9
"11/1/2006",44.79
"11/2/2006",44.82
"11/3/2006",44.76
"11/6/2006",44.8
"11/7/2006",44.62
"11/8/2006",44.59
"11/9/2006",44.46
"11/10/2006",44.55
"11/13/2006",44.83
"11/14/2006",45.05
"11/15/2006",45.26
"11/16/2006",44.82
"11/17/2006",44.75
"11/20/2006",44.89
"11/21/2006",44.77
"11/22/2006",44.62
"11/24/2006",44.59
"11/27/2006",44.56
"11/28/2006",44.58
"11/29/2006",44.54
"11/30/2006",44.59
"12/1/2006",44.5
"12/4/2006",44.49
"12/5/2006",44.42
"12/6/2006",44.6
"12/7/2006",44.52
"12/8/2006",44.53
"12/11/2006",44.69
"12/12/2006",44.7
"12/13/2006",44.68
"12/14/2006",44.56
"12/15/2006",44.54
"12/18/2006",44.63
"12/19/2006",44.61
"12/20/2006",44.55
"12/21/2006",44.51
"12/22/2006",44.37
"12/26/2006",44.32
"12/27/2006",44.2
"12/28/2006",44.14
"12/29/2006",44.11
"1/2/2007",44.13
"1/3/2007",44.24
"1/4/2007",44.16
"1/5/2007",44.2
"1/8/2007",44.32
"1/9/2007",44.27
"1/10/2007",44.44
"1/11/2007",44.49
"1/12/2007",44.43
"1/16/2007",44.2
"1/17/2007",44.09
"1/18/2007",44.15
"1/19/2007",44.15
"1/22/2007",44.11
"1/23/2007",44.14
"1/24/2007",44.15
"1/25/2007",44.15
"1/26/2007",44.08
"1/29/2007",44.13
"1/30/2007",44.23
"1/31/2007",44.07
"2/1/2007",44.01
"2/2/2007",44
"2/5/2007",44.03
"2/6/2007",44.03
"2/7/2007",44.01
"2/8/2007",43.98
"2/9/2007",43.93
"2/12/2007",44
"2/13/2007",44.02
"2/14/2007",44
"2/15/2007",43.91
"2/16/2007",43.87
"2/20/2007",44.12
"2/21/2007",44
"2/22/2007",44.05
"2/23/2007",44.08
"2/26/2007",44.04
"2/27/2007",44.21
"2/28/2007",44.08
"3/1/2007",44.11
"3/2/2007",44.1
"3/5/2007",44.43
"3/6/2007",44.18
"3/7/2007",44.18
"3/8/2007",44.19
"3/9/2007",44.07
"3/12/2007",44.11
"3/13/2007",44.08
"3/14/2007",44.25
"3/15/2007",44.19
"3/16/2007",44.08
"3/19/2007",44.04
"3/20/2007",43.53
"3/21/2007",43.28
"3/22/2007",43.52
"3/23/2007",43.56
"3/26/2007",43.2
"3/27/2007",43.03
"3/28/2007",42.78
"3/29/2007",43.45
"3/30/2007",43.1
"4/2/2007",43.05
"4/3/2007",43.04
"4/4/2007",42.84
"4/5/2007",42.76
"4/6/2007",42.74
"4/9/2007",44.1
"4/10/2007",44.1
"4/11/2007",44.1
"4/12/2007",44.1
"4/13/2007",44.1
"4/16/2007",44.1
"4/17/2007",44.1
"4/18/2007",44.1
"4/19/2007",44.1
"4/20/2007",44.1
"4/23/2007",41.47
"4/24/2007",40.78
"4/25/2007",40.6
"4/26/2007",40.67
"4/27/2007",40.8
"4/30/2007",41.04
"5/1/2007",41.03
"5/2/2007",41.04
"5/3/2007",40.83
"5/4/2007",40.58
"5/7/2007",40.58
"5/8/2007",40.62
"5/9/2007",40.69
"5/10/2007",41.04
"5/11/2007",40.74
"5/14/2007",40.57
"5/15/2007",40.81
"5/16/2007",40.58
"5/17/2007",40.82
"5/18/2007",40.37
"5/21/2007",40.42
"5/22/2007",40.24
"5/23/2007",40.28
"5/24/2007",40.45
"5/25/2007",40.28
"5/29/2007",40.21
"5/30/2007",40.83
"5/31/2007",40.6
"6/1/2007",40.28
"6/4/2007",40.22
"6/5/2007",40.5
"6/6/2007",40.42
"6/7/2007",40.62
"6/8/2007",40.83
"6/11/2007",40.58
"6/12/2007",40.83
"6/13/2007",40.62
"6/14/2007",40.67
"6/15/2007",40.6
"6/18/2007",40.74
"6/19/2007",40.6
"6/20/2007",40.76
"6/21/2007",40.58
"6/22/2007",40.6
"6/25/2007",40.78
"6/26/2007",40.78
"6/27/2007",40.88
"6/28/2007",40.8
"6/29/2007",40.53
"7/2/2007",40.42
"7/3/2007",40.4
"7/5/2007",40.39
"7/6/2007",40.17
"7/9/2007",40.22
"7/10/2007",40.3
"7/11/2007",40.3
"7/12/2007",40.28
"7/13/2007",40.28
"7/16/2007",40.22
"7/17/2007",40.28
"7/18/2007",40.38
"7/19/2007",40.28
"7/20/2007",40.24
"7/23/2007",40.12
"7/24/2007",40.15
"7/25/2007",40.22
"7/26/2007",40.22
"7/27/2007",40.38
"7/30/2007",40.22
"7/31/2007",40.21
"8/1/2007",40.28
"8/2/2007",40.22
"8/3/2007",40.22
"8/6/2007",40.22
"8/7/2007",40.28
"8/8/2007",40.3
"8/9/2007",40.38
"8/10/2007",40.47
"8/13/2007",40.62
"8/14/2007",40.58
"8/15/2007",40.74
"8/16/2007",41.17
"8/17/2007",41.08
"8/20/2007",40.92
"8/21/2007",41.03
"8/22/2007",40.71
"8/23/2007",41.03
"8/24/2007",40.9
"8/27/2007",40.9
"8/28/2007",40.97
"8/29/2007",40.97
"8/30/2007",41.03
"8/31/2007",40.62
"9/4/2007",40.78
"9/5/2007",40.8
"9/6/2007",40.62
"9/7/2007",40.42
"9/10/2007",40.49
"9/11/2007",40.47
"9/12/2007",40.38
"9/13/2007",40.35
"9/14/2007",40.38
"9/17/2007",40.53
"9/18/2007",40.46
"9/19/2007",39.83
"9/20/2007",39.83
"9/21/2007",39.85
"9/24/2007",39.53
"9/25/2007",39.53
"9/26/2007",39.58
"9/27/2007",39.6
"9/28/2007",39.67
"10/1/2007",39.67
"10/2/2007",39.67
"10/3/2007",39.38
"10/4/2007",39.42
"10/5/2007",39.22
"10/8/2007",39.42
"10/9/2007",39.24
"10/10/2007",39.12
"10/11/2007",39.12
"10/12/2007",39.17
"10/15/2007",39.22
"10/16/2007",39.24
"10/17/2007",39.38
"10/18/2007",39.53
"10/19/2007",39.7
"10/23/2007",39.47
"10/24/2007",39.53
"10/25/2007",39.38
"10/26/2007",39.33
"10/29/2007",39.33
"10/30/2007",39.4
"10/31/2007",39.17
"11/1/2007",39.33
"11/2/2007",39.31
"11/5/2007",39.17
"11/6/2007",39.22
"11/7/2007",39.17
"11/8/2007",39.15
"11/9/2007",39.12
"11/12/2007",39.26
"11/13/2007",39.44
"11/14/2007",39.33
"11/15/2007",39.2
"11/16/2007",39.24
"11/19/2007",39.24
"11/20/2007",39.22
"11/21/2007",39.3
"11/23/2007",39.62
"11/26/2007",39.6
"11/27/2007",39.75
"11/28/2007",39.58
"11/29/2007",39.65
"11/30/2007",39.53
"12/3/2007",39.58
"12/4/2007",39.44
"12/5/2007",39.47
"12/6/2007",39.47
"12/7/2007",39.44
"12/10/2007",39.4
"12/11/2007",39.33
"12/12/2007",39.3
"12/13/2007",39.3
"12/14/2007",39.33
"12/17/2007",39.53
"12/18/2007",39.47
"12/19/2007",39.58
"12/20/2007",39.42
"12/21/2007",39.47
"12/24/2007",39.35
"12/26/2007",39.38
"12/27/2007",39.28
"12/28/2007",39.33
"12/31/2007",39.4
"1/1/2008",39.3
"1/2/2008",39.4
"1/3/2008",39.4
"1/4/2008",39.28
"1/7/2008",39.26
"1/8/2008",39.15
"1/9/2008",39.17
"1/10/2008",39.17
"1/11/2008",39.28
"1/14/2008",39.15
"1/15/2008",39.22
"1/16/2008",39.26
"1/17/2008",39.17
"1/18/2008",39.22
"1/21/2008",39.22
"1/22/2008",39.4
"1/23/2008",39.38
"1/24/2008",39.46
"1/25/2008",39.33
"1/28/2008",39.35
"1/29/2008",39.28
"1/30/2008",39.29
"1/31/2008",39.28
"2/1/2008",39.12
"2/4/2008",39.24
"2/5/2008",39.42
"2/6/2008",39.47
"2/7/2008",39.45
"2/8/2008",39.6
"2/11/2008",39.67
"2/12/2008",39.58
"2/13/2008",39.67
"2/14/2008",39.6
"2/15/2008",39.67
"2/18/2008",39.7
"2/19/2008",39.83
"2/20/2008",40.12
"2/21/2008",39.85
"2/22/2008",40.08
"2/25/2008",39.95
"2/26/2008",39.9
"2/27/2008",39.69
"2/28/2008",39.88
"2/29/2008",40.03
"3/3/2008",40.29
"3/4/2008",40.28
"3/5/2008",40.22
"3/6/2008",40.15
"3/7/2008",40.42
"3/10/2008",40.4
"3/11/2008",40.22
"3/12/2008",40.04
"3/13/2008",40.45
"3/14/2008",40.45
"3/17/2008",40.67
"3/18/2008",40.22
"3/19/2008",40.35
"3/20/2008",40.38
"3/21/2008",39.88
"3/24/2008",40.26
"3/25/2008",40.1
"3/26/2008",40.13
"3/27/2008",40.08
"3/28/2008",39.67
"3/31/2008",39.97
"4/1/2008",39.95
"4/2/2008",39.96
"4/3/2008",39.92
"4/4/2008",39.97
"4/7/2008",39.97
"4/8/2008",39.97
"4/9/2008",40.08
"4/10/2008",39.88
"4/11/2008",39.88
"4/14/2008",39.88
"4/15/2008",39.88
"4/16/2008",39.83
"4/17/2008",39.78
"4/18/2008",39.8
"4/21/2008",39.88
"4/22/2008",39.88
"4/23/2008",39.88
"4/24/2008",40.05
"4/25/2008",40.12
"4/28/2008",40.12
"4/29/2008",40.4
"4/30/2008",40.42
"5/1/2008",40.47
"5/2/2008",40.72
"5/5/2008",40.58
"5/6/2008",40.96
"5/7/2008",41.35
"5/8/2008",41.67
"5/9/2008",41.67
"5/12/2008",41.97
"5/13/2008",42.1
"5/14/2008",42.53
"5/15/2008",42.71
"5/16/2008",42.53
"5/19/2008",42.4
"5/20/2008",42.62
"5/21/2008",42.78
"5/22/2008",42.95
"5/23/2008",42.58
"5/26/2008",42.62
"5/27/2008",42.88
"5/28/2008",42.67
"5/29/2008",42.54
"5/30/2008",42.17
"6/2/2008",42.4
"6/3/2008",42.5
"6/4/2008",42.65
"6/5/2008",42.83
"6/6/2008",42.67
"6/9/2008",42.83
"6/10/2008",42.88
"6/11/2008",42.72
"6/12/2008",42.71
"6/13/2008",42.88
"6/16/2008",42.97
"6/17/2008",42.79
"6/18/2008",42.96
"6/19/2008",42.97
"6/20/2008",42.88
"6/23/2008",42.97
"6/24/2008",42.78
"6/25/2008",42.62
"6/26/2008",42.91
"6/27/2008",42.85
"6/30/2008",43.04
"7/1/2008",43.39
"7/2/2008",43.2
"7/3/2008",43.28
"7/4/2008",43.2
"7/7/2008",43.21
"7/8/2008",43.26
"7/9/2008",43.03
"7/10/2008",42.94
"7/11/2008",42.79
"7/14/2008",42.93
"7/15/2008",43.2
"7/16/2008",43.08
"7/17/2008",42.74
"7/18/2008",42.74
"7/21/2008",42.83
"7/22/2008",42.53
"7/23/2008",42.07
"7/24/2008",42.05
"7/25/2008",42.17
"7/28/2008",42.54
"7/29/2008",42.49
"7/30/2008",42.67
"7/31/2008",42.29
"8/1/2008",42.28
"8/4/2008",42.35
"8/5/2008",42.1
"8/6/2008",42.01
"8/7/2008",42.06
"8/8/2008",41.97
"8/11/2008",42.3
"8/12/2008",42.55
"8/13/2008",42.79
"8/14/2008",42.92
"8/15/2008",42.83
"8/18/2008",43.51
"8/19/2008",43.53
"8/20/2008",43.62
"8/21/2008",43.42
"8/22/2008",43.47
"8/25/2008",43.78
"8/26/2008",43.76
"8/27/2008",43.74
"8/28/2008",43.74
"8/29/2008",43.92
"9/1/2008",44.17
"9/2/2008",44.35
"9/3/2008",44.35
"9/4/2008",44.76
"9/5/2008",44.52
"9/8/2008",44.53
"9/9/2008",45.01
"9/10/2008",45.4
"9/11/2008",45.76
"9/12/2008",45.71
"9/15/2008",46.04
"9/16/2008",46.83
"9/17/2008",46.17
"9/18/2008",46.2
"9/19/2008",45.26
"9/22/2008",45.33
"9/23/2008",45.66
"9/24/2008",45.85
"9/25/2008",46.04
"9/26/2008",46.47
"9/29/2008",47.67
"9/30/2008",47.06
"10/1/2008",46.65
"10/2/2008",47.58
"10/3/2008",46.92
"10/6/2008",47.9
"10/7/2008",48.24
"10/8/2008",47.88
"10/9/2008",47.83
"10/10/2008",48.38
"10/13/2008",47.97
"10/14/2008",47.88
"10/15/2008",48.4
"10/16/2008",48.58
"10/17/2008",48.92
"10/20/2008",48.72
"10/21/2008",49.17
"10/22/2008",49.3
"10/23/2008",49.95
"10/24/2008",49.78
"10/27/2008",50.04
"10/28/2008",49.59
"10/29/2008",49.6
"10/30/2008",49.26
"10/31/2008",49.22
"11/3/2008",48.58
"11/4/2008",47.38
"11/5/2008",47.55
"11/6/2008",47.65
"11/7/2008",47.41
"11/10/2008",47.69
"11/11/2008",48.58
"11/12/2008",49.41
"11/13/2008",49.22
"11/14/2008",48.83
"11/17/2008",49.05
"11/18/2008",49.62
"11/19/2008",50.27
"11/20/2008",50.17
"11/21/2008",49.91
"11/24/2008",49.92
"11/25/2008",49.76
"11/26/2008",49.67
"11/27/2008",49.3
"11/28/2008",49.58
"12/1/2008",50.58
"12/2/2008",50.1
"12/3/2008",49.93
"12/4/2008",49.98
"12/5/2008",49.48
"12/8/2008",49.5
"12/9/2008",49.25
"12/10/2008",49.05
"12/11/2008",48.22
"12/12/2008",48.72
"12/15/2008",48.01
"12/16/2008",47.52
"12/17/2008",47.47
"12/18/2008",47.42
"12/19/2008",47.03
"12/21/2008",47.03
"12/22/2008",47.72
"12/23/2008",48.76
"12/24/2008",47.78
"12/26/2008",48.42
"12/29/2008",48.51
"12/30/2008",48.32
"12/31/2008",48.42
"1/2/2009",48.06
"1/5/2009",48.62
"1/6/2009",48.56
"1/7/2009",48.72
"1/8/2009",48.52
"1/9/2009",48.3
"1/12/2009",48.62
"1/13/2009",48.99
"1/14/2009",48.65
"1/15/2009",48.96
"1/16/2009",48.53
"1/19/2009",48.69
"1/20/2009",49.03
"1/21/2009",49.03
"1/22/2009",49.08
"1/23/2009",49.03
"1/26/2009",48.53
"1/27/2009",48.74
"1/28/2009",48.67
"1/29/2009",48.99
"1/30/2009",48.83
"2/2/2009",49.01
"2/3/2009",48.53
"2/4/2009",48.7
"2/5/2009",48.75
"2/6/2009",48.57
"2/9/2009",48.53
"2/10/2009",48.78
"2/11/2009",48.58
"2/12/2009",48.81
"2/13/2009",48.6
"2/16/2009",48.8
"2/17/2009",49.62
"2/18/2009",49.97
"2/19/2009",49.58
"2/20/2009",49.88
"2/23/2009",49.56
"2/24/2009",49.62
"2/25/2009",49.85
"2/26/2009",50.42
"2/27/2009",51.33
"3/2/2009",52.35
"3/4/2009",51.39
"3/5/2009",51.62
"3/6/2009",51.72
"3/9/2009",51.99
"3/10/2009",51.41
"3/11/2009",51.41
"3/12/2009",51.51
"3/13/2009",51.47
"3/16/2009",51.15
"3/17/2009",51.3
"3/18/2009",50.95
"3/19/2009",50.39
"3/20/2009",50.53
"3/23/2009",50.41
"3/24/2009",50.42
"3/25/2009",50.78
"3/26/2009",50.42
"3/30/2009",51.17
"3/31/2009",50.64
"4/1/2009",50.56
"4/2/2009",50.03
"4/3/2009",49.9
"4/6/2009",50.06
"4/7/2009",50.03
"4/8/2009",50.15
"4/9/2009",49.66
"4/10/2009",49.7
"4/13/2009",49.76
"4/14/2009",49.58
"4/15/2009",49.58
"4/16/2009",49.62
"4/17/2009",49.86
"4/20/2009",50.22
"4/21/2009",50.4
"4/22/2009",50.33
"4/23/2009",49.96
"4/24/2009",49.62
"4/27/2009",50.22
"4/28/2009",50.37
"4/29/2009",49.97
"4/30/2009",49.72
"5/1/2009",49.67
"5/4/2009",49.4
"5/5/2009",49.24
"5/6/2009",49.42
"5/7/2009",49.11
"5/8/2009",49.15
"5/11/2009",49.7
"5/12/2009",49.28
"5/13/2009",49.62
"5/14/2009",49.6
"5/15/2009",49.47
"5/18/2009",47.6
"5/20/2009",47.42
"5/21/2009",47.24
"5/22/2009",47.03
"5/23/2009",46.97
"5/25/2009",47.28
"5/26/2009",47.47
"5/27/2009",47.58
"5/28/2009",47.63
"5/29/2009",47.12
"6/1/2009",46.78
"6/2/2009",46.9
"6/3/2009",46.9
"6/4/2009",47.08
"6/5/2009",47.38
"6/8/2009",47.53
"6/9/2009",47.33
"6/10/2009",47.44
"6/11/2009",47.28
"6/12/2009",47.47
"6/14/2009",47.47
"6/15/2009",47.71
"6/16/2009",47.67
"6/17/2009",47.99
"6/18/2009",48.12
"6/19/2009",48.03
"6/22/2009",48.69
"6/23/2009",48.43
"6/24/2009",48.42
"6/25/2009",48.53
"6/26/2009",48.23
"6/29/2009",48.09
"6/30/2009",48.1
"7/1/2009",47.77
"7/2/2009",47.92
"7/3/2009",47.96
"7/6/2009",48.41
"7/7/2009",48.64
"7/8/2009",49.1
"7/9/2009",48.68
"7/10/2009",48.91
"7/13/2009",48.88
"7/14/2009",48.76
"7/15/2009",48.39
"7/16/2009",48.49
"7/17/2009",48.47
"7/20/2009",48.18
"7/21/2009",48.33
"7/22/2009",48.49
"7/23/2009",48.32
"7/24/2009",48.17
"7/27/2009",48.12
"7/28/2009",48.22
"7/29/2009",48.62
"7/30/2009",48.38
"7/31/2009",47.83
"8/3/2009",47.42
"8/4/2009",47.56
"8/5/2009",47.55
"8/6/2009",47.83
"8/7/2009",47.79
"8/10/2009",47.96
"8/11/2009",48.14
"8/12/2009",48.22
"8/13/2009",48.08
"8/14/2009",48.35
"8/17/2009",49
"8/18/2009",48.7
"8/19/2009",48.78
"8/20/2009",48.58
"8/21/2009",48.51
"8/24/2009",48.65
"8/25/2009",48.88
"8/26/2009",48.92
"8/27/2009",48.84
"8/28/2009",48.73
"8/31/2009",48.91
"9/1/2009",49.07
"9/2/2009",48.85
"9/3/2009",48.84
"9/4/2009",48.81
"9/7/2009",48.67
"9/8/2009",48.41
"9/9/2009",48.41
"9/10/2009",48.42
"9/11/2009",48.42
"9/14/2009",48.67
"9/15/2009",48.53
"9/16/2009",48.07
"9/17/2009",48.12
"9/18/2009",48.18
"9/21/2009",48.24
"9/22/2009",47.79
"9/23/2009",48.03
"9/24/2009",48.37
"9/25/2009",48.14
"9/28/2009",48.1
"9/29/2009",48.14
"9/30/2009",47.94
"10/1/2009",47.77
"10/2/2009",47.62
"10/5/2009",47.53
"10/6/2009",46.73
"10/7/2009",46.61
"10/8/2009",46.17
"10/9/2009",46.45
"10/12/2009",46.37
"10/13/2009",46.37
"10/14/2009",46.05
"10/15/2009",46.08
"10/16/2009",46.37
"10/19/2009",46.1
"10/20/2009",46.46
"10/21/2009",46.46
"10/22/2009",46.46
"10/23/2009",46.65
"10/26/2009",46.99
"10/27/2009",47.05
"10/28/2009",47.57
"10/29/2009",46.83
"10/30/2009",47.31
"11/2/2009",47.09
"11/3/2009",47.16
"11/4/2009",46.94
"11/5/2009",46.94
"11/6/2009",46.88
"11/9/2009",46.42
"11/10/2009",46.59
"11/11/2009",46.47
"11/12/2009",46.69
"11/13/2009",46.38
"11/16/2009",46.08
"11/17/2009",46.24
"11/18/2009",46.22
"11/19/2009",46.67
"11/20/2009",46.62
"11/23/2009",46.49
"11/24/2009",46.47
"11/25/2009",46.24
"11/26/2009",46.1
"11/27/2009",46.67
"11/30/2009",46.42
"12/1/2009",46.17
"12/2/2009",46.28
"12/3/2009",46.1
"12/4/2009",46.46
"12/7/2009",46.6
"12/8/2009",46.85
"12/9/2009",46.78
"12/10/2009",46.65
"12/11/2009",46.7
"12/14/2009",46.58
"12/15/2009",46.67
"12/16/2009",46.62
"12/17/2009",46.94
"12/18/2009",46.91
"12/21/2009",46.79
"12/22/2009",46.76
"12/23/2009",46.71
"12/24/2009",46.56
"12/28/2009",46.63
"12/29/2009",46.76
"12/30/2009",46.78
"12/31/2009",46.66
"1/4/2010",46.29
"1/5/2010",46.21
"1/6/2010",45.65
"1/7/2010",45.75
"1/8/2010",45.55
"1/10/2010",45.47
"1/11/2010",45.41
"1/12/2010",45.71
"1/13/2010",45.58
"1/14/2010",45.65
"1/15/2010",45.72
"1/17/2010",45.72
"1/18/2010",45.53
"1/19/2010",45.8
"1/20/2010",46.13
"1/21/2010",46.25
"1/22/2010",46.23
"1/25/2010",46.08
"1/26/2010",46.32
"1/27/2010",46.48
"1/28/2010",46.3
"1/29/2010",46.29
"2/1/2010",46.17
"2/2/2010",46.07
"2/3/2010",45.97
"2/4/2010",46.67
"2/5/2010",46.82
"2/8/2010",46.72
"2/9/2010",46.43
"2/10/2010",46.59
"2/11/2010",46.37
"2/12/2010",46.46
"2/15/2010",46.34
"2/16/2010",45.99
"2/17/2010",46.17
"2/18/2010",46.3
"2/19/2010",46.17
"2/22/2010",46.1
"2/23/2010",46.28
"2/24/2010",46.35
"2/25/2010",46.36
"2/26/2010",46.03
"3/1/2010",46.02
"3/2/2010",45.82
"3/3/2010",45.68
"3/4/2010",45.78
"3/5/2010",45.45
"3/8/2010",45.47
"3/9/2010",45.56
"3/10/2010",45.43
"3/11/2010",45.51
"3/12/2010",45.47
"3/15/2010",45.63
"3/16/2010",45.51
"3/17/2010",45.38
"3/18/2010",45.46
"3/19/2010",45.47
"3/22/2010",45.51
"3/23/2010",45.51
"3/24/2010",45.7
"3/25/2010",45.58
"3/26/2010",45.16
"3/29/2010",44.92
"3/30/2010",45.03
"3/31/2010",44.83
"4/1/2010",44.79
"4/2/2010",44.62
"4/5/2010",44.39
"4/6/2010",44.37
"4/7/2010",44.42
"4/8/2010",44.38
"4/9/2010",44.23
"4/12/2010",44.47
"4/13/2010",44.52
"4/14/2010",44.2
"4/15/2010",44.33
"4/16/2010",44.53
"4/19/2010",44.58
"4/20/2010",44.44
"4/21/2010",44.47
"4/22/2010",44.51
"4/23/2010",44.35
"4/26/2010",44.28
"4/27/2010",44.42
"4/28/2010",44.62
"4/29/2010",44.42
"4/30/2010",44.49
"5/3/2010",44.49
"5/4/2010",45.04
"5/5/2010",45.35
"5/6/2010",45.85
"5/7/2010",45.57
"5/10/2010",45.02
"5/11/2010",45.1
"5/12/2010",44.97
"5/13/2010",45.11
"5/14/2010",45.22
"5/17/2010",45.71
"5/18/2010",45.8
"5/19/2010",46.35
"5/20/2010",47.07
"5/21/2010",46.88
"5/24/2010",46.79
"5/25/2010",47.53
"5/26/2010",47.33
"5/27/2010",46.61
"5/28/2010",46.72
"5/31/2010",46.38
"6/1/2010",47.03
"6/2/2010",46.61
"6/3/2010",46.74
"6/4/2010",47.31
"6/7/2010",47.22
"6/8/2010",46.88
"6/9/2010",47.14
"6/10/2010",46.63
"6/11/2010",46.83
"6/14/2010",46.54
"6/15/2010",46.35
"6/16/2010",46.58
"6/17/2010",46.21
"6/18/2010",46.05
"6/21/2010",45.81
"6/22/2010",46.03
"6/23/2010",46.33
"6/24/2010",46.35
"6/25/2010",46.38
"6/27/2010",46.38
"6/29/2010",46.75
"6/30/2010",46.74
"7/1/2010",46.82
"7/2/2010",46.8
"7/6/2010",46.83
"7/7/2010",46.78
"7/8/2010",46.85
"7/9/2010",46.67
"7/12/2010",46.83
"7/13/2010",46.74
"7/14/2010",46.66
"7/15/2010",46.65
"7/16/2010",47.06
"7/19/2010",47.09
"7/20/2010",47.19
"7/21/2010",47.33
"7/22/2010",46.94
"7/23/2010",46.93
"7/26/2010",46.85
"7/27/2010",46.69
"7/28/2010",46.81
"7/29/2010",46.55
"7/30/2010",46.37
"8/2/2010",46
"8/3/2010",46.15
"8/4/2010",46.08
"8/5/2010",46.15
"8/6/2010",46.05
"8/9/2010",46.18
"8/10/2010",46.31
"8/11/2010",46.67
"8/12/2010",46.79
"8/13/2010",46.67
"8/15/2010",46.62
"8/16/2010",46.67
"8/17/2010",46.56
"8/18/2010",46.58
"8/19/2010",46.65
"8/20/2010",46.67
"8/23/2010",46.71
"8/24/2010",46.97
"8/25/2010",46.95
"8/26/2010",46.81
"8/27/2010",46.79
"8/30/2010",46.94
"8/31/2010",47.01
"9/1/2010",46.71
"9/2/2010",46.61
"9/5/2010",46.55
"9/6/2010",46.51
"9/7/2010",46.78
"9/8/2010",46.53
"9/9/2010",46.49
"9/10/2010",46.32
"9/13/2010",46.28
"9/14/2010",46.24
"9/15/2010",46.15
"9/17/2010",45.86
"9/20/2010",45.7
"9/21/2010",45.56
"9/22/2010",45.54
"9/23/2010",45.49
"9/24/2010",45.19
"9/27/2010",45.04
"9/28/2010",45.01
"9/29/2010",44.83
"9/30/2010",44.94
"10/1/2010",44.38
"10/4/2010",44.54
"10/5/2010",44.38
"10/6/2010",44.3
"10/7/2010",44.44
"10/8/2010",44.13
"10/10/2010",44.45
"10/11/2010",44.38
"10/12/2010",44.49
"10/13/2010",44.33
"10/14/2010",44.18
"10/15/2010",44.21
"10/18/2010",44.27
"10/19/2010",44.65
"10/20/2010",44.22
"10/21/2010",44.49
"10/22/2010",44.54
"10/25/2010",44.42
"10/27/2010",44.58
"10/28/2010",44.45
"10/29/2010",44.35
"11/1/2010",44.42
"11/2/2010",44.35
"11/3/2010",44.28
"11/4/2010",43.99
"11/5/2010",44.12
"11/8/2010",44.38
"11/9/2010",44.45
"11/10/2010",44.3
"11/11/2010",44.49
"11/12/2010",44.99
"11/15/2010",45.16
"11/16/2010",45.54
"11/17/2010",45.03
"11/18/2010",45.24
"11/19/2010",45.4
"11/22/2010",45.44
"11/23/2010",45.85
"11/24/2010",45.66
"11/25/2010",45.49
"11/26/2010",45.83
"11/29/2010",45.9
"11/30/2010",45.79
"12/1/2010",45.17
"12/2/2010",45.15
"12/3/2010",45.1
"12/6/2010",44.89
"12/7/2010",44.84
"12/8/2010",45.2
"12/9/2010",45.14
"12/10/2010",45.08
"12/13/2010",44.99
"12/14/2010",45.01
"12/15/2010",45.35
"12/16/2010",45.51
"12/17/2010",45.42
"12/20/2010",45.36
"12/21/2010",45.23
"12/22/2010",45.06
"12/23/2010",45.12
"12/24/2010",45.04
"12/27/2010",45.05
"12/28/2010",44.97
"12/29/2010",44.9
"12/30/2010",44.99
"12/31/2010",44.6
"1/3/2011",44.67
"1/4/2011",45.16
"1/5/2011",45.34
"1/6/2011",45.47
"1/7/2011",45.18
"1/10/2011",45.37
"1/11/2011",45.14
"1/12/2011",45.01
"1/13/2011",45.17
"1/14/2011",45.44
"1/17/2011",45.56
"1/18/2011",45.49
"1/19/2011",45.6
"1/20/2011",45.72
"1/21/2011",45.62
"1/24/2011",45.51
"1/25/2011",45.72
"1/26/2011",45.6
"1/27/2011",45.7
"1/28/2011",45.96
"1/31/2011",45.92
"2/1/2011",45.49
"2/2/2011",45.6
"2/3/2011",45.62
"2/4/2011",45.65
"2/7/2011",45.35
"2/8/2011",45.24
"2/9/2011",45.54
"2/10/2011",45.62
"2/11/2011",45.6
"2/14/2011",45.38
"2/15/2011",45.56
"2/16/2011",45.33
"2/17/2011",45.23
"2/18/2011",45.1
"2/21/2011",44.97
"2/22/2011",45.33
"2/23/2011",45.33
"2/24/2011",45.55
"2/25/2011",45.31
"2/28/2011",45.2
"3/1/2011",45.17
"3/2/2011",44.95
"3/3/2011",44.96
"3/4/2011",44.86
"3/7/2011",45.06
"3/8/2011",45.05
"3/9/2011",44.97
"3/10/2011",45.19
"3/11/2011",45.13
"3/14/2011",45.06
"3/15/2011",45.19
"3/16/2011",45.26
"3/17/2011",45.16
"3/18/2011",45.06
"3/21/2011",45.08
"3/22/2011",44.93
"3/23/2011",44.8
"3/24/2011",44.65
"3/25/2011",44.7
"3/28/2011",44.82
"3/29/2011",44.71
"3/30/2011",44.68
"3/31/2011",44.55
"4/1/2011",44.44
"4/4/2011",44.33
"4/5/2011",44.32
"4/6/2011",44.05
"4/7/2011",44.15
"4/8/2011",44.11
