vehicle,colour,passing distance,street,Time,hour,helmet,kerb,Bikelane,City,date
1,1,2.114,3,16:30,16:00,0,0.5,0,1,11-May
5,2,0.998,3,16:30,16:00,0,0.5,0,1,11-May
2,1,1.817,3,16:30,16:00,0,0.5,0,1,11-May
1,99,1.64,3,16:30,16:00,0,0.5,0,1,11-May
4,9,1.544,3,16:30,16:00,0,0.5,0,1,11-May
1,3,1.509,3,16:30,16:00,0,0.5,0,1,11-May
2,4,1.29,5,7:46,7:00,1,1,0,1,12-May
1,2,1.512,5,7:46,7:00,1,1,0,1,12-May
4,2,1.049,5,7:46,7:00,1,1,0,1,12-May
7,99,1.932,5,7:46,7:00,1,1,0,1,12-May
2,4,1.145,5,7:46,7:00,1,1,0,1,12-May
3,4,1.41,5,7:46,7:00,1,1,0,1,12-May
1,1,1.428,5,7:46,7:00,1,1,0,1,12-May
1,1,1.494,5,7:46,7:00,1,1,0,1,12-May
1,1,1.57,5,7:46,7:00,1,1,0,1,12-May
2,4,2.103,5,7:46,7:00,1,1,0,1,12-May
1,2,0.896,5,7:46,7:00,1,1,0,1,12-May
2,4,1.16,5,7:46,7:00,1,1,0,1,12-May
1,3,1.29,5,7:46,7:00,1,1,0,1,12-May
1,4,1.963,5,7:46,7:00,1,1,0,1,12-May
1,3,2.436,5,7:46,7:00,1,1,0,1,12-May
1,2,2.304,5,7:46,7:00,1,1,0,1,12-May
1,5,1.482,5,7:52,7:00,1,1,0,1,12-May
2,4,1.492,5,7:52,7:00,1,1,0,1,12-May
1,1,1.432,5,7:52,7:00,1,1,0,1,12-May
1,6,1.504,5,7:52,7:00,1,1,0,1,12-May
7,99,1.046,5,7:52,7:00,1,1,0,1,12-May
1,2,1.306,5,7:52,7:00,1,1,0,1,12-May
6,3,1.15,5,7:52,7:00,1,1,0,1,12-May
1,1,1.43,5,7:52,7:00,1,1,0,1,12-May
2,4,1.569,5,7:52,7:00,1,1,0,1,12-May
1,3,1.796,5,7:52,7:00,1,1,0,1,12-May
1,5,1.51,5,7:52,7:00,1,1,0,1,12-May
2,4,1.493,5,7:52,7:00,1,1,0,1,12-May
1,1,1.261,5,7:52,7:00,1,1,0,1,12-May
7,99,1.363,5,7:52,7:00,1,1,0,1,12-May
1,2,1.242,5,7:52,7:00,1,1,0,1,12-May
1,3,1.105,5,7:52,7:00,1,1,0,1,12-May
3,3,1.548,5,7:52,7:00,1,1,0,1,12-May
2,4,1.178,5,7:52,7:00,1,1,0,1,12-May
2,4,1.742,5,7:52,7:00,1,1,0,1,12-May
2,2,1.87,5,7:52,7:00,1,1,0,1,12-May
5,4,1.134,5,7:52,7:00,1,1,0,1,12-May
5,6,0.794,5,7:52,7:00,1,1,0,1,12-May
5,9,1.016,5,8:02,8:00,1,1,0,1,12-May
2,1,0.973,5,8:02,8:00,1,1,0,1,12-May
2,5,1.186,5,8:02,8:00,1,1,0,1,12-May
1,2,1.549,5,8:02,8:00,1,1,0,1,12-May
1,1,1.172,5,8:02,8:00,1,1,0,1,12-May
1,2,1.307,5,8:02,8:00,1,1,0,1,12-May
1,4,1.469,5,8:02,8:00,1,1,0,1,12-May
1,5,1.651,5,8:02,8:00,1,1,0,1,12-May
2,4,0.916,5,8:02,8:00,1,1,0,1,12-May
1,1,1.408,5,8:02,8:00,1,1,0,1,12-May
1,4,1.34,5,8:02,8:00,1,1,0,1,12-May
1,2,1.39,5,8:02,8:00,1,1,0,1,12-May
1,3,1.265,5,8:02,8:00,1,1,0,1,12-May
1,6,1.44,5,8:02,8:00,1,1,0,1,12-May
1,2,1.451,5,8:02,8:00,1,1,0,1,12-May
1,2,0.905,5,8:02,8:00,1,1,0,1,12-May
5,4,1.165,5,8:02,8:00,1,1,0,1,12-May
1,1,1.118,5,8:02,8:00,1,1,0,1,12-May
1,3,1.463,5,8:02,8:00,1,1,0,1,12-May
1,1,1.415,5,8:02,8:00,1,1,0,1,12-May
1,2,0.809,5,8:02,8:00,1,1,0,1,12-May
1,1,1.335,5,8:02,8:00,1,1,0,1,12-May
1,1,1.656,5,8:02,8:00,1,1,0,1,12-May
2,2,1.228,5,8:02,8:00,1,1,0,1,12-May
3,5,1.741,5,8:02,8:00,1,1,0,1,12-May
1,1,1.488,5,8:02,8:00,1,1,0,1,12-May
1,1,1.465,5,8:14,8:00,1,1,0,1,12-May
1,1,1.611,5,8:14,8:00,1,1,0,1,12-May
3,5,1.716,5,8:14,8:00,1,1,0,1,12-May
1,1,1.951,5,8:14,8:00,1,1,0,1,12-May
1,2,1.382,5,8:14,8:00,1,1,0,1,12-May
2,4,0.914,2,8:14,8:00,1,1,0,1,12-May
1,2,0.943,2,8:14,8:00,1,1,0,1,12-May
1,2,2.115,2,8:14,8:00,1,1,0,1,12-May
6,5,1.564,2,8:14,8:00,1,1,0,1,12-May
2,3,1.33,3,8:14,8:00,1,1,0,1,12-May
1,4,1.469,3,8:14,8:00,1,1,0,1,12-May
7,9,1.819,3,8:14,8:00,1,1,0,1,12-May
2,4,1.343,3,8:14,8:00,1,1,0,1,12-May
2,1,1.292,3,8:27,8:00,0,1,0,1,12-May
1,1,1.818,3,8:27,8:00,0,1,0,1,12-May
1,3,1.58,3,8:27,8:00,0,1,0,1,12-May
1,5,1.688,3,8:27,8:00,0,1,0,1,12-May
2,4,1.289,3,8:27,8:00,0,1,0,1,12-May
2,1,1.479,3,8:27,8:00,0,1,0,1,12-May
5,4,1.105,3,8:27,8:00,0,1,0,1,12-May
2,4,2.073,4,8:27,8:00,0,1,0,1,12-May
2,4,1.408,4,8:27,8:00,0,1,0,1,12-May
2,4,1.504,4,8:27,8:00,0,1,0,1,12-May
1,1,1.163,5,8:27,8:00,0,1,0,1,12-May
1,1,1.023,5,8:27,8:00,0,1,0,1,12-May
1,3,1.166,5,8:27,8:00,0,1,0,1,12-May
2,4,1.125,5,8:27,8:00,0,1,0,1,12-May
1,1,0.912,5,8:27,8:00,0,1,0,1,12-May
1,3,1.319,5,8:27,8:00,0,1,0,1,12-May
1,1,1.157,5,8:27,8:00,0,1,0,1,12-May
1,6,1.913,5,8:27,8:00,0,1,0,1,12-May
1,6,1.428,5,8:27,8:00,0,1,0,1,12-May
5,9,1.354,5,8:27,8:00,0,1,0,1,12-May
5,6,1.382,5,8:27,8:00,0,1,0,1,12-May
1,2,1.23,5,8:27,8:00,0,1,0,1,12-May
1,1,1.863,5,8:27,8:00,0,1,0,1,12-May
1,1,1.613,3,9:16,9:00,0,1,0,1,12-May
2,4,1.393,3,9:16,9:00,0,1,0,1,12-May
1,1,1.363,1,9:16,9:00,0,1,0,1,12-May
2,2,1.513,1,9:16,9:00,0,1,0,1,12-May
5,1,1.595,2,9:16,9:00,0,1,0,1,12-May
1,2,1.979,2,9:16,9:00,0,1,0,1,12-May
1,1,1.815,2,9:16,9:00,0,1,0,1,12-May
1,5,1.583,2,9:16,9:00,0,1,0,1,12-May
2,3,1.029,3,9:16,9:00,0,1,0,1,12-May
1,3,1.355,3,9:16,9:00,0,1,0,1,12-May
6,2,1.267,3,9:16,9:00,0,1,0,1,12-May
1,2,1.218,3,9:16,9:00,0,1,0,1,12-May
1,5,1.738,3,9:16,9:00,0,1,0,1,12-May
2,2,1.146,3,9:16,9:00,0,1,0,1,12-May
1,3,1.556,3,9:16,9:00,0,1,0,1,12-May
1,4,1.2,3,9:16,9:00,0,1,0,1,12-May
1,1,1.369,3,9:16,9:00,0,1,0,1,12-May
2,1,1.821,3,9:16,9:00,0,1,0,1,12-May
2,3,0.914,4,9:32,9:00,0,1,0,1,12-May
1,3,1.529,5,9:32,9:00,0,1,0,1,12-May
7,1,2.397,5,9:32,9:00,0,1,0,1,12-May
1,3,1.617,5,9:32,9:00,0,1,0,1,12-May
1,1,1.229,5,9:32,9:00,0,1,0,1,12-May
1,3,1.365,5,9:32,9:00,0,1,0,1,12-May
5,9,1.395,5,9:32,9:00,0,1,0,1,12-May
2,4,1.535,4,9:32,9:00,0,1,0,1,12-May
1,3,1.62,5,9:32,9:00,0,1,0,1,12-May
1,1,2.195,5,9:32,9:00,0,1,0,1,12-May
3,3,1.352,5,9:32,9:00,0,1,0,1,12-May
1,3,1.081,5,9:32,9:00,0,1,0,1,12-May
1,9,1.552,5,9:32,9:00,0,1,0,1,12-May
1,1,2.108,5,9:32,9:00,0,1,0,1,12-May
3,5,1.968,5,9:32,9:00,0,1,0,1,12-May
2,1,1.604,5,9:32,9:00,0,1,0,1,12-May
1,3,1.574,5,9:32,9:00,0,1,0,1,12-May
1,6,1.483,5,9:32,9:00,0,1,0,1,12-May
1,4,1.455,5,9:32,9:00,0,1,0,1,12-May
1,3,1.522,5,9:32,9:00,0,1,0,1,12-May
1,2,1.495,5,9:32,9:00,0,1,0,1,12-May
1,2,1.341,5,9:32,9:00,0,1,0,1,12-May
1,1,1.46,5,9:32,9:00,0,1,0,1,12-May
1,3,1.012,5,9:44,9:00,1,1,0,1,12-May
2,4,1.184,5,9:44,9:00,1,1,0,1,12-May
1,3,1.1,5,9:44,9:00,1,1,0,1,12-May
1,4,1.397,5,9:44,9:00,1,1,0,1,12-May
1,1,1.554,5,9:44,9:00,1,1,0,1,12-May
1,3,1.484,5,9:44,9:00,1,1,0,1,12-May
1,5,1.603,5,9:44,9:00,1,1,0,1,12-May
1,1,1.308,5,9:44,9:00,1,1,0,1,12-May
3,1,1.586,5,9:44,9:00,1,1,0,1,12-May
2,5,1.623,5,9:44,9:00,1,1,0,1,12-May
5,2,1.324,5,9:44,9:00,1,1,0,1,12-May
2,1,1.425,5,9:44,9:00,1,1,0,1,12-May
1,3,1.188,5,9:44,9:00,1,1,0,1,12-May
1,3,1.455,5,9:44,9:00,1,1,0,1,12-May
2,4,2.032,5,9:44,9:00,1,1,0,1,12-May
1,1,1.66,5,9:44,9:00,1,1,0,1,12-May
1,1,1.305,5,9:44,9:00,1,1,0,1,12-May
1,5,1.333,5,9:44,9:00,1,1,0,1,12-May
2,4,1.212,5,9:44,9:00,1,1,0,1,12-May
1,1,1.143,5,9:44,9:00,1,1,0,1,12-May
2,1,1.196,5,9:44,9:00,1,1,0,1,12-May
2,4,1.459,5,9:44,9:00,1,1,0,1,12-May
3,5,1.728,5,9:44,9:00,1,1,0,1,12-May
1,3,1.633,5,9:44,9:00,1,1,0,1,12-May
2,1,1.207,5,9:44,9:00,1,1,0,1,12-May
1,3,1.648,5,9:44,9:00,1,1,0,1,12-May
1,1,1.769,5,9:44,9:00,1,1,0,1,12-May
6,2,2.011,5,9:44,9:00,1,1,0,1,12-May
1,3,2.311,5,9:44,9:00,1,1,0,1,12-May
1,1,1.315,5,9:44,9:00,1,1,0,1,12-May
1,5,1.658,5,9:44,9:00,1,1,0,1,12-May
3,3,2.046,5,9:44,9:00,1,1,0,1,12-May
1,1,1.701,5,9:44,9:00,1,1,0,1,12-May
1,1,1.533,5,9:44,9:00,1,1,0,1,12-May
1,1,2.124,5,9:52,9:00,1,1,0,1,12-May
3,1,1.584,5,9:52,9:00,1,1,0,1,12-May
1,3,1.094,5,9:52,9:00,1,1,0,1,12-May
1,1,1.997,5,9:52,9:00,1,1,0,1,12-May
2,4,1.454,5,9:52,9:00,1,1,0,1,12-May
1,6,2.234,5,9:52,9:00,1,1,0,1,12-May
2,2,1.662,5,9:52,9:00,1,1,0,1,12-May
1,9,2.31,5,9:52,9:00,1,1,0,1,12-May
1,2,1.53,5,9:52,9:00,1,1,0,1,12-May
1,1,1.629,5,9:52,9:00,1,1,0,1,12-May
2,1,1.625,5,9:52,9:00,1,1,0,1,12-May
1,3,1.632,5,9:52,9:00,1,1,0,1,12-May
6,3,1.328,5,9:52,9:00,1,1,0,1,12-May
1,3,1.932,5,9:52,9:00,1,1,0,1,12-May
1,1,1.283,5,14:02,14:00,1,1,0,1,18-May
1,6,1.098,5,14:02,14:00,1,1,0,1,18-May
1,3,1.192,5,14:02,14:00,1,1,0,1,18-May
1,5,1.253,5,14:02,14:00,1,1,0,1,18-May
3,9,1.112,5,14:02,14:00,1,1,0,1,18-May
1,2,1.303,5,14:02,14:00,1,1,0,1,18-May
2,1,1.185,5,14:02,14:00,1,1,0,1,18-May
5,2,1.41,5,14:02,14:00,1,1,0,1,18-May
3,1,1.829,5,14:02,14:00,1,1,0,1,18-May
1,3,1.952,5,14:02,14:00,1,1,0,1,18-May
1,6,1.406,5,14:02,14:00,1,1,0,1,18-May
2,4,1.373,5,14:02,14:00,1,1,0,1,18-May
1,2,1.398,5,14:02,14:00,1,1,0,1,18-May
1,1,1.92,5,14:02,14:00,1,1,1,1,18-May
1,1,2.164,5,14:02,14:00,1,1,1,1,18-May
1,1,1.779,5,14:02,14:00,1,1,1,1,18-May
3,1,1.666,5,14:02,14:00,1,1,1,1,18-May
3,3,2.114,4,14:02,14:00,1,1,0,1,18-May
1,3,1.331,4,14:02,14:00,1,1,0,1,18-May
1,1,1.459,4,14:02,14:00,1,1,0,1,18-May
1,3,1.571,4,14:02,14:00,1,1,0,1,18-May
1,1,1.973,4,14:02,14:00,1,1,0,1,18-May
1,1,1.765,4,14:02,14:00,1,1,0,1,18-May
1,2,1.609,6,14:02,14:00,1,1,0,1,18-May
3,3,1.423,6,14:02,14:00,1,1,0,1,18-May
1,3,1.338,5,14:25,14:00,1,1,0,1,18-May
2,4,1.905,5,14:25,14:00,1,1,0,1,18-May
1,6,2.073,5,14:25,14:00,1,1,0,1,18-May
1,1,1.465,5,14:25,14:00,1,1,0,1,18-May
2,4,1.465,5,14:25,14:00,1,1,0,1,18-May
1,1,1.565,5,14:25,14:00,1,1,0,1,18-May
1,5,1.456,5,14:25,14:00,1,1,0,1,18-May
1,1,1.72,5,14:25,14:00,1,1,0,1,18-May
1,3,1.353,5,14:25,14:00,1,1,0,1,18-May
1,3,1.462,5,14:25,14:00,1,1,0,1,18-May
2,4,1.506,5,14:25,14:00,1,1,0,1,18-May
1,1,1.251,5,14:25,14:00,1,1,0,1,18-May
1,5,1.428,5,14:25,14:00,1,1,0,1,18-May
1,1,2.305,5,14:25,14:00,1,1,0,1,18-May
2,4,1.435,5,14:25,14:00,1,1,0,1,18-May
1,3,1.765,5,14:25,14:00,1,1,0,1,18-May
1,1,1.921,5,14:25,14:00,1,1,0,1,18-May
6,5,2.026,5,14:25,14:00,1,1,0,1,18-May
6,5,1.751,5,14:25,14:00,1,1,0,1,18-May
2,4,2.084,5,14:25,14:00,1,1,0,1,18-May
1,4,2.389,5,14:25,14:00,1,1,0,1,18-May
3,5,1.593,5,14:25,14:00,1,1,0,1,18-May
1,3,1.786,5,14:25,14:00,1,1,0,1,18-May
1,3,1.234,5,14:25,14:00,1,1,0,1,18-May
1,2,1.6,5,14:25,14:00,1,1,0,1,18-May
1,2,1.334,5,14:25,14:00,1,1,0,1,18-May
1,3,1.223,5,14:25,14:00,1,1,0,1,18-May
1,2,1.619,5,14:25,14:00,1,1,1,1,18-May
1,1,1.416,4,14:25,14:00,1,1,0,1,18-May
1,1,1.152,4,14:25,14:00,1,1,0,1,18-May
2,3,1.591,4,14:25,14:00,1,1,0,1,18-May
3,3,1.981,4,14:25,14:00,1,1,0,1,18-May
6,1,1.355,3,14:25,14:00,1,1,0,1,18-May
1,1,0.702,3,14:25,14:00,1,1,1,1,18-May
1,6,1.415,3,14:25,14:00,1,1,0,1,18-May
1,1,1.819,3,14:25,14:00,1,1,0,1,18-May
1,2,1.424,3,14:25,14:00,1,1,0,1,18-May
2,4,2.32,3,14:25,14:00,1,1,0,1,18-May
1,3,1.451,3,14:25,14:00,1,1,0,1,18-May
1,6,1.158,3,14:37,14:00,1,1,0,1,18-May
6,1,1.049,3,14:37,14:00,1,1,0,1,18-May
1,3,1.762,3,14:37,14:00,1,1,0,1,18-May
1,3,1.402,3,14:37,14:00,1,1,0,1,18-May
1,1,1.422,3,14:37,14:00,1,1,0,1,18-May
1,5,1.542,5,14:37,14:00,1,1,0,1,18-May
1,2,1.691,5,14:37,14:00,1,1,0,1,18-May
1,5,1.434,5,14:37,14:00,1,1,0,1,18-May
1,3,1.73,5,14:37,14:00,1,1,0,1,18-May
3,5,1.958,5,14:37,14:00,1,1,0,1,18-May
6,1,1.709,5,14:37,14:00,1,1,0,1,18-May
2,2,1.363,5,14:37,14:00,1,1,0,1,18-May
5,3,1.182,5,14:37,14:00,1,1,0,1,18-May
3,3,1.433,5,14:37,14:00,1,1,0,1,18-May
1,6,1.524,5,14:37,14:00,1,1,0,1,18-May
1,6,2.385,3,14:37,14:00,1,1,0,1,18-May
1,5,0.948,3,14:37,14:00,1,1,0,1,18-May
1,9,1.67,4,14:37,14:00,1,1,0,1,18-May
3,5,1.664,3,15:20,15:00,0,0.25,0,1,20-May
1,1,1.529,3,15:20,15:00,0,0.25,0,1,20-May
1,4,1.223,3,15:20,15:00,0,0.25,0,1,20-May
1,1,1.249,1,15:20,15:00,0,0.25,0,1,20-May
1,2,2.441,2,15:20,15:00,0,0.25,0,1,20-May
1,3,1.265,3,15:20,15:00,0,0.25,0,1,20-May
1,1,2.462,3,15:20,15:00,0,0.25,0,1,20-May
1,2,1.889,3,15:20,15:00,0,0.25,0,1,20-May
1,5,1.081,3,15:20,15:00,0,0.25,0,1,20-May
1,4,1.358,3,15:20,15:00,0,0.25,0,1,20-May
1,3,2.409,3,15:20,15:00,0,0.25,0,1,20-May
1,1,1.879,3,15:20,15:00,0,0.25,0,1,20-May
1,6,1.554,3,15:20,15:00,0,0.25,0,1,20-May
1,3,1.21,3,15:20,15:00,0,0.25,0,1,20-May
2,4,1.445,3,15:20,15:00,0,0.25,0,1,20-May
1,1,1.392,3,15:20,15:00,0,0.25,0,1,20-May
1,3,1.573,3,15:20,15:00,0,0.25,0,1,20-May
1,1,1.529,3,15:20,15:00,0,0.25,0,1,20-May
1,2,1.339,3,15:20,15:00,0,0.25,0,1,20-May
1,2,1.935,3,15:20,15:00,0,0.25,0,1,20-May
1,6,1.575,3,15:34,15:00,0,0.25,0,1,20-May
1,2,2.194,3,15:34,15:00,0,0.25,0,1,20-May
1,1,1.211,3,15:34,15:00,0,0.25,0,1,20-May
1,2,1.224,3,15:34,15:00,0,0.25,0,1,20-May
1,1,1.748,3,15:34,15:00,0,0.25,0,1,20-May
1,1,2.11,3,15:34,15:00,0,0.25,0,1,20-May
1,2,1.885,3,15:34,15:00,0,0.25,0,1,20-May
1,3,1.95,3,15:34,15:00,0,0.25,0,1,20-May
1,3,2.124,3,15:34,15:00,0,0.25,0,1,20-May
1,1,1.871,3,15:34,15:00,0,0.25,0,1,20-May
1,1,1.709,3,15:34,15:00,0,0.25,0,1,20-May
3,2,1.511,3,15:34,15:00,0,0.25,0,1,20-May
1,3,1.404,3,15:34,15:00,0,0.25,0,1,20-May
1,3,1.714,5,15:34,15:00,0,0.25,0,1,20-May
1,5,1.963,5,15:34,15:00,0,0.25,0,1,20-May
1,9,2.054,5,15:34,15:00,0,0.25,0,1,20-May
1,3,2.088,5,15:34,15:00,0,0.25,0,1,20-May
1,1,2.446,5,15:34,15:00,0,0.25,0,1,20-May
1,2,2.709,5,15:34,15:00,0,0.25,0,1,20-May
2,4,1.901,5,15:34,15:00,0,0.25,0,1,20-May
1,3,1.207,5,15:34,15:00,0,0.25,0,1,20-May
1,1,1.465,5,15:34,15:00,0,0.25,0,1,20-May
1,2,1.623,5,15:34,15:00,0,0.25,0,1,20-May
1,1,1.239,5,15:34,15:00,0,0.25,0,1,20-May
1,3,1.495,5,15:34,15:00,0,0.25,0,1,20-May
1,2,1.644,5,15:34,15:00,0,0.25,0,1,20-May
2,4,1.759,5,15:34,15:00,0,0.25,0,1,20-May
1,5,1.979,5,15:34,15:00,0,0.25,0,1,20-May
3,2,1.861,5,15:34,15:00,0,0.25,0,1,20-May
1,3,2.088,5,15:34,15:00,0,0.25,0,1,20-May
3,1,1.916,5,15:34,15:00,0,0.25,0,1,20-May
1,1,1.673,5,15:34,15:00,0,0.25,0,1,20-May
1,1,1.85,5,15:34,15:00,0,0.25,0,1,20-May
1,5,2.214,5,15:34,15:00,0,0.25,0,1,20-May
1,2,1.698,5,15:34,15:00,0,0.25,0,1,20-May
1,5,2.181,5,15:34,15:00,0,0.25,0,1,20-May
1,1,2.66,5,15:34,15:00,0,0.25,0,1,20-May
1,3,1.947,5,15:34,15:00,0,0.25,0,1,20-May
1,1,2.102,5,15:34,15:00,0,0.25,0,1,20-May
1,1,1.888,5,15:34,15:00,0,0.25,0,1,20-May
1,2,2.21,5,15:34,15:00,0,0.25,0,1,20-May
3,6,2.183,5,15:34,15:00,0,0.25,0,1,20-May
1,3,2.021,5,15:34,15:00,0,0.25,0,1,20-May
3,6,2.08,5,15:34,15:00,0,0.25,0,1,20-May
1,3,1.948,5,15:34,15:00,0,0.25,0,1,20-May
1,2,1.839,5,15:34,15:00,0,0.25,0,1,20-May
1,1,1.446,5,15:34,15:00,0,0.25,0,1,20-May
1,2,1.314,5,15:34,15:00,0,0.25,0,1,20-May
1,5,1.54,5,15:34,15:00,0,0.25,0,1,20-May
1,1,1.418,5,15:34,15:00,0,0.25,0,1,20-May
1,1,1.827,5,15:34,15:00,0,0.25,0,1,20-May
1,1,1.883,5,15:34,15:00,0,0.25,0,1,20-May
1,4,1.469,5,15:34,15:00,0,0.25,0,1,20-May
3,5,1.483,5,15:34,15:00,0,0.25,0,1,20-May
1,5,1.691,5,15:34,15:00,0,0.25,0,1,20-May
1,5,1.999,5,15:34,15:00,0,0.25,0,1,20-May
2,4,1.245,5,15:34,15:00,0,0.25,0,1,20-May
1,1,2.378,5,15:34,15:00,0,0.25,0,1,20-May
1,2,1.607,5,15:34,15:00,0,0.25,0,1,20-May
1,3,1.688,5,15:34,15:00,0,0.25,0,1,20-May
1,1,1.573,5,15:34,15:00,0,0.25,0,1,20-May
1,3,1.572,5,15:34,15:00,0,0.25,0,1,20-May
3,4,1.713,5,15:34,15:00,0,0.25,0,1,20-May
1,2,1.143,5,15:34,15:00,0,0.25,0,1,20-May
1,2,1.503,5,15:34,15:00,0,0.25,0,1,20-May
6,4,1.876,5,16:00,15:00,1,0.25,0,1,20-May
1,3,1.681,5,16:00,15:00,1,0.25,0,1,20-May
1,5,2.185,5,16:00,15:00,1,0.25,0,1,20-May
1,3,1.964,5,16:00,15:00,1,0.25,0,1,20-May
1,1,1.64,5,16:00,15:00,1,0.25,0,1,20-May
3,5,1.587,5,16:00,15:00,1,0.25,0,1,20-May
1,3,2.575,5,16:00,15:00,1,0.25,0,1,20-May
1,5,1.673,5,16:00,15:00,1,0.25,0,1,20-May
1,1,1.84,5,16:00,15:00,1,0.25,0,1,20-May
1,1,1.761,5,16:00,15:00,1,0.25,0,1,20-May
1,5,1.413,5,16:00,15:00,1,0.25,0,1,20-May
7,99,1.248,5,16:00,15:00,1,0.25,0,1,20-May
1,3,1.284,5,16:00,15:00,1,0.25,0,1,20-May
1,3,1.94,5,16:00,15:00,1,0.25,0,1,20-May
1,5,2.073,5,16:00,15:00,1,0.25,0,1,20-May
1,5,1.557,5,16:00,15:00,1,0.25,0,1,20-May
1,3,2.022,5,16:00,15:00,1,0.25,0,1,20-May
1,3,1.938,5,16:00,15:00,1,0.25,0,1,20-May
1,3,1.875,5,16:00,15:00,1,0.25,0,1,20-May
4,2,1.528,5,16:00,15:00,1,0.25,0,1,20-May
4,2,1.348,5,16:00,15:00,1,0.25,0,1,20-May
1,2,1.916,5,16:00,15:00,1,0.25,0,1,20-May
1,4,2.183,5,16:00,15:00,1,0.25,0,1,20-May
1,1,1.763,5,16:00,15:00,1,0.25,0,1,20-May
2,1,1.804,5,16:00,15:00,1,0.25,0,1,20-May
1,1,1.792,5,16:00,15:00,1,0.25,0,1,20-May
1,3,1.904,5,16:00,15:00,1,0.25,0,1,20-May
1,5,1.646,5,16:00,15:00,1,0.25,0,1,20-May
1,1,1.561,5,16:00,15:00,1,0.25,0,1,20-May
1,1,1.726,5,16:00,15:00,1,0.25,0,1,20-May
1,6,1.648,5,16:00,15:00,1,0.25,0,1,20-May
1,3,1.248,5,16:00,15:00,1,0.25,0,1,20-May
1,2,1.633,5,16:00,15:00,1,0.25,0,1,20-May
1,3,1.891,5,16:00,15:00,1,0.25,0,1,20-May
3,4,2.328,5,16:00,15:00,1,0.25,0,1,20-May
6,1,1.845,5,16:00,15:00,1,0.25,0,1,20-May
1,1,2.254,5,16:00,15:00,1,0.25,0,1,20-May
3,4,1.702,5,16:00,15:00,1,0.25,0,1,20-May
1,5,2.204,4,16:00,15:00,1,0.25,0,1,20-May
4,4,1.681,5,16:00,15:00,1,0.25,0,1,20-May
1,1,1.73,5,16:00,15:00,1,0.25,0,1,20-May
1,2,1.616,5,16:00,15:00,1,0.25,0,1,20-May
1,1,1.673,5,16:00,15:00,1,0.25,0,1,20-May
1,2,1.478,5,16:00,15:00,1,0.25,0,1,20-May
1,9,1.407,5,16:00,15:00,1,0.25,0,1,20-May
1,5,1.917,5,16:00,15:00,1,0.25,0,1,20-May
1,5,1.39,5,16:00,15:00,1,0.25,0,1,20-May
1,5,1.793,5,16:00,15:00,1,0.25,0,1,20-May
1,6,2.027,5,16:30,16:00,1,0.25,0,1,20-May
1,1,2.064,5,16:30,16:00,1,0.25,0,1,20-May
1,2,1.539,5,16:30,16:00,1,0.25,0,1,20-May
1,2,1.869,5,16:30,16:00,1,0.25,0,1,20-May
3,5,1.84,5,16:30,16:00,1,0.25,0,1,20-May
1,3,1.292,5,16:30,16:00,1,0.25,0,1,20-May
1,2,1.362,5,16:30,16:00,1,0.25,0,1,20-May
1,4,1.432,5,16:30,16:00,1,0.25,0,1,20-May
1,3,1.36,5,16:30,16:00,1,0.25,0,1,20-May
1,1,1.456,5,16:30,16:00,1,0.25,0,1,20-May
1,1,1.224,5,16:30,16:00,1,0.25,0,1,20-May
2,3,1.548,5,16:30,16:00,1,0.25,0,1,20-May
1,6,1.6,5,16:30,16:00,1,0.25,0,1,20-May
1,1,1.182,5,16:30,16:00,1,0.25,0,1,20-May
1,1,1.465,5,16:30,16:00,1,0.25,0,1,20-May
1,1,1.319,5,16:30,16:00,1,0.25,0,1,20-May
1,3,1.224,5,16:30,16:00,1,0.25,0,1,20-May
3,3,1.831,5,16:30,16:00,1,0.25,0,1,20-May
1,1,1.693,5,16:30,16:00,1,0.25,0,1,20-May
1,1,1.879,5,16:30,16:00,1,0.25,0,1,20-May
1,4,1.53,5,16:30,16:00,1,0.25,0,1,20-May
1,3,1.53,5,16:30,16:00,1,0.25,0,1,20-May
1,3,2.098,5,16:30,16:00,1,0.25,0,1,20-May
1,6,1.93,5,16:30,16:00,1,0.25,0,1,20-May
1,3,2.282,5,16:30,16:00,1,0.25,0,1,20-May
1,1,2.133,5,16:30,16:00,1,0.25,0,1,20-May
1,3,1.913,5,16:30,16:00,1,0.25,0,1,20-May
1,2,1.775,5,16:30,16:00,1,0.25,0,1,20-May
3,1,1.365,5,16:30,16:00,1,0.25,0,1,20-May
1,2,1.796,5,16:30,16:00,1,0.25,0,1,20-May
1,6,1.871,5,16:30,16:00,1,0.25,0,1,20-May
1,3,1.927,5,16:30,16:00,1,0.25,0,1,20-May
1,2,1.47,5,16:30,16:00,1,0.25,0,1,20-May
1,1,1.695,5,16:30,16:00,1,0.25,0,1,20-May
2,4,1.31,5,16:30,16:00,1,0.25,0,1,20-May
2,3,1.181,5,16:30,16:00,1,0.25,0,1,20-May
1,2,1.464,5,16:30,16:00,1,0.25,0,1,20-May
1,1,2.131,5,16:30,16:00,1,0.25,0,1,20-May
3,1,1.892,5,16:30,16:00,1,0.25,0,1,20-May
6,1,1.777,5,16:30,16:00,1,0.25,0,1,20-May
1,3,1.922,5,16:30,16:00,1,0.25,0,1,20-May
1,1,2.018,5,16:30,16:00,1,0.25,0,1,20-May
1,5,1.509,5,16:30,16:00,1,0.25,0,1,20-May
1,2,1.527,5,16:30,16:00,1,0.25,0,1,20-May
1,3,1.305,5,16:30,16:00,1,0.25,0,1,20-May
1,5,1.416,5,16:30,16:00,1,0.25,0,1,20-May
1,1,0.962,5,16:30,16:00,1,0.25,0,1,20-May
1,3,1.174,5,16:30,16:00,1,0.25,0,1,20-May
3,5,1.415,5,16:30,16:00,1,0.25,0,1,20-May
1,1,1.828,5,16:30,16:00,1,0.25,0,1,20-May
1,3,1.377,5,16:51,16:00,1,0.25,0,1,20-May
1,4,1.585,5,16:51,16:00,1,0.25,0,1,20-May
6,1,1.694,5,16:51,16:00,1,0.25,0,1,20-May
1,1,1.401,5,16:51,16:00,1,0.25,0,1,20-May
1,1,1.547,5,16:51,16:00,1,0.25,0,1,20-May
1,5,1.48,5,16:51,16:00,1,0.25,0,1,20-May
1,1,1.506,5,16:51,16:00,1,0.25,0,1,20-May
1,5,1.697,5,16:51,16:00,1,0.25,0,1,20-May
1,4,1.634,5,16:51,16:00,1,0.25,0,1,20-May
1,3,1.446,5,16:51,16:00,1,0.25,0,1,20-May
1,5,1.349,5,16:51,16:00,1,0.25,0,1,20-May
1,2,1.653,5,16:51,16:00,1,0.25,0,1,20-May
1,5,1.388,5,16:51,16:00,1,0.25,0,1,20-May
1,1,1.506,5,16:51,16:00,1,0.25,0,1,20-May
1,2,2.192,5,16:51,16:00,1,0.25,0,1,20-May
1,1,1.524,5,16:51,16:00,1,0.25,0,1,20-May
1,1,1.537,5,16:51,16:00,1,0.25,0,1,20-May
1,2,1.57,5,16:51,16:00,1,0.25,0,1,20-May
1,3,2.139,5,16:51,16:00,1,0.25,0,1,20-May
1,3,1.631,5,16:51,16:00,1,0.25,0,1,20-May
1,1,1.241,5,16:51,16:00,1,0.25,0,1,20-May
1,2,1.282,5,16:51,16:00,1,0.25,0,1,20-May
1,3,1.298,5,16:51,16:00,1,0.25,0,1,20-May
1,4,1.199,5,16:51,16:00,1,0.25,0,1,20-May
2,4,1.179,5,16:51,16:00,1,0.25,0,1,20-May
3,2,1.756,5,16:51,16:00,1,0.25,0,1,20-May
1,1,2.49,5,16:51,16:00,1,0.25,0,1,20-May
4,4,1.256,5,16:51,16:00,1,0.25,0,1,20-May
1,3,1.648,4,16:51,16:00,1,0.25,0,1,20-May
1,3,1.442,4,16:51,16:00,1,0.25,0,1,20-May
4,4,1.815,3,11:13,11:00,0,0.25,0,1,25-May
2,1,1.823,1,11:25,11:00,0,0.25,0,1,25-May
1,3,1.124,3,11:25,11:00,0,0.25,0,1,25-May
1,1,2.249,3,11:25,11:00,0,0.25,0,1,25-May
2,4,1.947,3,11:25,11:00,0,0.25,0,1,25-May
2,3,1.829,3,11:25,11:00,0,0.25,0,1,25-May
2,3,2.01,3,11:25,11:00,0,0.25,0,1,25-May
2,4,2.092,3,11:25,11:00,0,0.25,0,1,25-May
1,3,1.554,3,11:25,11:00,0,0.25,0,1,25-May
1,3,0.672,3,11:25,11:00,0,0.25,0,1,25-May
1,3,1.583,3,11:25,11:00,0,0.25,0,1,25-May
2,4,1.627,3,11:25,11:00,0,0.25,0,1,25-May
1,5,1.611,3,11:25,11:00,0,0.25,0,1,25-May
7,99,1.198,3,11:25,11:00,0,0.25,0,1,25-May
7,99,1.071,3,11:25,11:00,0,0.25,0,1,25-May
7,99,1.271,3,11:25,11:00,0,0.25,0,1,25-May
7,99,1.493,3,11:25,11:00,0,0.25,0,1,25-May
7,99,1.237,3,11:25,11:00,0,0.25,0,1,25-May
7,99,1.47,3,11:25,11:00,0,0.25,0,1,25-May
2,4,1.544,3,11:25,11:00,0,0.25,0,1,25-May
3,1,2.075,4,11:44,11:00,0,0.25,0,1,25-May
1,3,2.289,5,11:44,11:00,0,0.25,0,1,25-May
1,1,2.661,5,11:44,11:00,0,0.25,0,1,25-May
1,2,1.544,5,11:44,11:00,0,0.25,0,1,25-May
1,1,2.023,5,11:44,11:00,0,0.25,0,1,25-May
1,6,2.024,5,11:44,11:00,0,0.25,0,1,25-May
3,2,1.998,5,11:44,11:00,0,0.25,0,1,25-May
1,3,1.471,5,11:44,11:00,0,0.25,0,1,25-May
1,3,2.331,5,11:44,11:00,0,0.25,0,1,25-May
1,2,2.498,5,11:44,11:00,0,0.25,0,1,25-May
3,5,2.068,5,11:44,11:00,0,0.25,0,1,25-May
1,1,1.893,5,11:44,11:00,0,0.25,0,1,25-May
5,4,1.318,5,11:44,11:00,0,0.25,0,1,25-May
1,3,1.742,5,11:44,11:00,0,0.25,0,1,25-May
1,2,1.574,5,11:44,11:00,0,0.25,0,1,25-May
1,3,1.874,5,11:44,11:00,0,0.25,0,1,25-May
2,4,1.486,5,11:44,11:00,0,0.25,0,1,25-May
5,4,2.058,5,11:44,11:00,0,0.25,0,1,25-May
1,6,2.043,5,11:44,11:00,0,0.25,0,1,25-May
1,1,1.746,5,11:44,11:00,0,0.25,0,1,25-May
1,3,1.537,5,11:44,11:00,0,0.25,0,1,25-May
1,3,1.23,5,11:44,11:00,0,0.25,0,1,25-May
2,4,1.339,5,11:44,11:00,0,0.25,0,1,25-May
1,3,1.374,5,11:44,11:00,0,0.25,0,1,25-May
1,6,1.801,5,11:44,11:00,0,0.25,0,1,25-May
1,3,1.563,5,11:44,11:00,0,0.25,0,1,25-May
1,3,1.792,5,11:44,11:00,0,0.25,0,1,25-May
1,2,2.211,5,11:44,11:00,0,0.25,0,1,25-May
1,3,1.85,5,11:44,11:00,0,0.25,0,1,25-May
2,4,1.794,5,11:44,11:00,0,0.25,0,1,25-May
1,6,1.31,5,11:44,11:00,0,0.25,0,1,25-May
5,4,2.092,5,11:44,11:00,0,0.25,0,1,25-May
2,4,2.395,5,11:44,11:00,0,0.25,0,1,25-May
1,5,1.859,5,11:44,11:00,0,0.25,0,1,25-May
1,3,1.874,5,11:44,11:00,0,0.25,0,1,25-May
1,1,2.086,5,11:44,11:00,0,0.25,0,1,25-May
1,1,2.047,5,11:44,11:00,0,0.25,0,1,25-May
1,5,1.986,5,11:44,11:00,0,0.25,0,1,25-May
1,3,1.412,5,11:44,11:00,0,0.25,0,1,25-May
1,2,1.635,5,11:44,11:00,0,0.25,0,1,25-May
2,3,1.254,5,11:44,11:00,0,0.25,0,1,25-May
2,4,1.915,5,11:44,11:00,0,0.25,0,1,25-May
1,5,2.132,5,11:44,11:00,0,0.25,0,1,25-May
2,4,1.479,5,11:44,11:00,0,0.25,0,1,25-May
1,5,1.823,5,11:44,11:00,0,0.25,0,1,25-May
1,4,1.487,5,11:44,11:00,0,0.25,0,1,25-May
1,3,1.789,5,11:44,11:00,0,0.25,0,1,25-May
5,4,1.739,5,11:44,11:00,0,0.25,0,1,25-May
1,3,1.482,5,11:44,11:00,0,0.25,0,1,25-May
1,1,1.823,5,11:44,11:00,0,0.25,0,1,25-May
1,1,1.892,5,11:44,11:00,0,0.25,0,1,25-May
2,4,2.338,5,11:44,11:00,0,0.25,0,1,25-May
2,4,1.388,5,11:44,11:00,0,0.25,0,1,25-May
3,6,2.03,5,11:44,11:00,0,0.25,0,1,25-May
1,3,1.613,5,11:44,11:00,0,0.25,0,1,25-May
1,3,2.277,5,11:44,11:00,0,0.25,0,1,25-May
1,5,1.841,5,11:44,11:00,0,0.25,0,1,25-May
1,5,1.581,5,11:44,11:00,0,0.25,0,1,25-May
1,3,1.781,5,11:44,11:00,0,0.25,0,1,25-May
1,5,1.958,5,11:44,11:00,0,0.25,0,1,25-May
2,4,1.736,4,11:55,11:00,0,0.25,0,1,25-May
2,4,1.464,4,11:55,11:00,0,0.25,0,1,25-May
2,4,1.685,5,11:55,11:00,0,0.25,0,1,25-May
5,4,2.04,5,11:55,11:00,0,0.25,0,1,25-May
1,1,1.613,5,11:55,11:00,0,0.25,0,1,25-May
1,1,1.299,5,11:55,11:00,0,0.25,0,1,25-May
5,4,2.11,5,11:55,11:00,0,0.25,0,1,25-May
1,3,2.333,5,11:55,11:00,0,0.25,0,1,25-May
1,1,1.752,5,11:55,11:00,0,0.25,0,1,25-May
1,3,1.389,5,11:55,11:00,0,0.25,0,1,25-May
2,2,2.227,5,11:55,11:00,0,0.25,0,1,25-May
4,2,1.384,5,11:55,11:00,0,0.25,0,1,25-May
1,3,1.839,5,11:55,11:00,0,0.25,0,1,25-May
1,1,2.859,5,11:55,11:00,0,0.25,0,1,25-May
1,4,1.861,5,11:55,11:00,0,0.25,0,1,25-May
1,5,1.319,5,11:55,11:00,0,0.25,0,1,25-May
6,5,1.482,5,11:55,11:00,0,0.25,0,1,25-May
2,2,1.345,5,11:55,11:00,0,0.25,0,1,25-May
1,3,1.024,5,11:55,11:00,0,0.25,0,1,25-May
3,6,1.077,5,12:10,12:00,0,0.25,0,1,25-May
1,1,1.118,5,12:10,12:00,0,0.25,0,1,25-May
1,1,1.587,5,12:10,12:00,0,0.25,0,1,25-May
4,2,1.45,5,12:10,12:00,0,0.25,0,1,25-May
1,9,1.588,5,12:10,12:00,0,0.25,0,1,25-May
5,2,2.109,5,12:10,12:00,0,0.25,0,1,25-May
5,4,1.202,5,12:10,12:00,0,0.25,0,1,25-May
1,1,1.899,5,12:10,12:00,0,0.25,0,1,25-May
2,4,1.575,5,12:10,12:00,0,0.25,0,1,25-May
1,1,1.576,5,12:10,12:00,0,0.25,0,1,25-May
1,2,2.011,5,12:10,12:00,0,0.25,0,1,25-May
1,3,1.569,5,12:10,12:00,0,0.25,0,1,25-May
1,1,1.658,5,12:10,12:00,0,0.25,0,1,25-May
1,3,3.215,5,12:10,12:00,0,0.25,0,1,25-May
1,3,1.835,5,12:10,12:00,0,0.25,0,1,25-May
1,1,1.322,5,12:10,12:00,0,0.25,0,1,25-May
1,1,1.6,5,12:10,12:00,0,0.25,0,1,25-May
1,2,1.765,5,12:10,12:00,0,0.25,0,1,25-May
1,1,1.562,5,12:10,12:00,0,0.25,0,1,25-May
1,3,2.164,5,12:10,12:00,0,0.25,0,1,25-May
1,5,1.464,5,12:10,12:00,0,0.25,0,1,25-May
1,5,2.116,5,12:10,12:00,0,0.25,0,1,25-May
1,2,2.097,5,12:10,12:00,0,0.25,0,1,25-May
1,5,2.52,5,12:10,12:00,0,0.25,0,1,25-May
1,3,1.861,5,12:10,12:00,0,0.25,0,1,25-May
1,1,2.639,5,12:10,12:00,0,0.25,0,1,25-May
1,5,1.484,5,12:10,12:00,0,0.25,0,1,25-May
1,2,1.564,5,12:10,12:00,0,0.25,0,1,25-May
1,2,1.827,5,12:10,12:00,0,0.25,0,1,25-May
1,3,1.633,5,12:10,12:00,0,0.25,0,1,25-May
1,6,1.875,5,12:10,12:00,0,0.25,0,1,25-May
1,1,1.56,5,12:10,12:00,0,0.25,0,1,25-May
1,2,1.377,5,12:10,12:00,0,0.25,0,1,25-May
1,3,1.635,5,12:10,12:00,0,0.25,0,1,25-May
1,3,1.584,5,12:10,12:00,0,0.25,0,1,25-May
6,5,1.304,5,12:10,12:00,0,0.25,0,1,25-May
1,5,0.941,5,12:10,12:00,0,0.25,0,1,25-May
1,3,1.405,5,12:10,12:00,0,0.25,0,1,25-May
1,2,2.079,5,12:10,12:00,0,0.25,0,1,25-May
1,2,1.986,5,12:10,12:00,0,0.25,0,1,25-May
1,1,1.365,5,12:26,12:00,1,0.25,0,1,25-May
1,2,1.61,5,12:26,12:00,1,0.25,0,1,25-May
1,3,1.912,5,12:26,12:00,1,0.25,0,1,25-May
1,1,1.606,5,12:26,12:00,1,0.25,0,1,25-May
1,5,1.848,5,12:26,12:00,1,0.25,0,1,25-May
1,1,1.591,5,12:26,12:00,1,0.25,0,1,25-May
1,9,2.049,5,12:26,12:00,1,0.25,0,1,25-May
1,3,2.067,5,12:26,12:00,1,0.25,0,1,25-May
3,1,2.264,5,12:26,12:00,1,0.25,0,1,25-May
1,9,2.124,5,12:26,12:00,1,0.25,0,1,25-May
1,2,1.827,5,12:26,12:00,1,0.25,0,1,25-May
2,4,1.831,5,12:26,12:00,1,0.25,0,1,25-May
3,5,1.524,5,12:26,12:00,1,0.25,0,1,25-May
1,2,1.33,5,12:26,12:00,1,0.25,0,1,25-May
1,1,1.372,5,12:26,12:00,1,0.25,0,1,25-May
2,2,2.178,5,12:26,12:00,1,0.25,0,1,25-May
2,4,1.745,5,12:26,12:00,1,0.25,0,1,25-May
1,5,1.178,5,12:26,12:00,1,0.25,0,1,25-May
1,1,1.5,5,12:26,12:00,1,0.25,0,1,25-May
1,1,1.55,5,12:26,12:00,1,0.25,0,1,25-May
1,3,1.609,3,12:26,12:00,1,0.25,0,1,25-May
6,4,1.498,3,12:26,12:00,1,0.25,0,1,25-May
1,2,1.815,3,12:26,12:00,1,0.25,0,1,25-May
1,1,1.9,3,12:26,12:00,1,0.25,0,1,25-May
1,5,1.988,3,12:26,12:00,1,0.25,0,1,25-May
1,3,1.525,3,12:26,12:00,1,0.25,0,1,25-May
2,4,1.714,3,12:26,12:00,1,0.25,0,1,25-May
2,4,1.154,3,12:26,12:00,1,0.25,0,1,25-May
1,1,2.382,3,12:26,12:00,1,0.25,0,1,25-May
1,5,2.984,3,12:26,12:00,1,0.25,0,1,25-May
1,5,2.381,3,12:26,12:00,1,0.25,0,1,25-May
2,3,1.51,3,12:26,12:00,1,0.25,0,1,25-May
1,2,1.299,3,12:26,12:00,1,0.25,0,1,25-May
1,1,1.547,3,12:26,12:00,1,0.25,0,1,25-May
1,2,1.7,3,12:26,12:00,1,0.25,0,1,25-May
6,5,1.141,3,12:26,12:00,1,0.25,0,1,25-May
4,4,1.071,3,12:26,12:00,1,0.25,0,1,25-May
1,3,1.038,3,12:26,12:00,1,0.25,0,1,25-May
1,2,1.904,3,12:26,12:00,1,0.25,0,1,25-May
1,2,1.221,3,12:26,12:00,1,0.25,0,1,25-May
1,2,1.439,3,12:41,12:00,1,1,0,1,25-May
1,3,1.353,3,12:41,12:00,1,1,0,1,25-May
1,4,1.558,3,12:41,12:00,1,1,0,1,25-May
1,2,0.794,3,12:41,12:00,1,1,0,1,25-May
1,3,1.424,4,12:41,12:00,1,1,0,1,25-May
1,1,2.467,4,12:41,12:00,1,1,0,1,25-May
1,2,1.458,4,12:41,12:00,1,1,0,1,25-May
1,2,1.402,4,12:41,12:00,1,1,0,1,25-May
2,4,0.942,5,12:41,12:00,1,1,0,1,25-May
1,2,2.032,5,12:41,12:00,1,1,0,1,25-May
2,4,0.906,5,12:41,12:00,1,1,0,1,25-May
1,3,1.101,5,12:41,12:00,1,1,0,1,25-May
1,1,1.371,5,12:41,12:00,1,1,0,1,25-May
1,2,1.54,5,12:41,12:00,1,1,0,1,25-May
1,4,1.272,5,12:41,12:00,1,1,0,1,25-May
5,1,1.047,5,12:53,12:00,1,1,0,1,25-May
1,3,1.428,5,12:53,12:00,1,1,0,1,25-May
1,3,1.098,5,12:53,12:00,1,1,0,1,25-May
3,1,1.055,5,12:53,12:00,1,1,0,1,25-May
1,2,1.259,5,12:53,12:00,1,1,0,1,25-May
5,1,0.913,5,12:53,12:00,1,1,0,1,25-May
1,2,1.522,5,12:53,12:00,1,1,0,1,25-May
2,1,1.885,5,12:53,12:00,1,1,0,1,25-May
1,3,1.223,5,12:53,12:00,1,1,0,1,25-May
1,4,1.383,5,12:53,12:00,1,1,0,1,25-May
1,2,1.898,5,12:53,12:00,1,1,0,1,25-May
1,1,1.999,5,12:53,12:00,1,1,0,1,25-May
1,3,1.671,5,12:53,12:00,1,1,0,1,25-May
1,5,1.565,5,12:53,12:00,1,1,0,1,25-May
5,2,1.354,5,12:53,12:00,1,1,0,1,25-May
1,1,1.258,5,12:53,12:00,1,1,0,1,25-May
1,3,1.431,5,12:53,12:00,1,1,0,1,25-May
1,3,0.913,5,12:53,12:00,1,1,0,1,25-May
1,1,1.048,5,12:53,12:00,1,1,0,1,25-May
1,1,1.032,5,12:53,12:00,1,1,0,1,25-May
1,3,1.355,5,12:53,12:00,1,1,0,1,25-May
1,2,1.413,5,12:53,12:00,1,1,0,1,25-May
2,4,1.035,5,12:53,12:00,1,1,0,1,25-May
2,4,1.169,5,12:53,12:00,1,1,0,1,25-May
1,3,1.574,5,12:53,12:00,1,1,0,1,25-May
2,4,1.636,5,12:53,12:00,1,1,0,1,25-May
7,9,0.814,5,12:53,12:00,1,1,0,1,25-May
5,2,1.885,5,12:53,12:00,1,1,0,1,25-May
5,1,1.651,5,12:53,12:00,1,1,0,1,25-May
1,5,2.138,5,12:53,12:00,1,1,0,1,25-May
1,1,1.516,5,12:53,12:00,1,1,0,1,25-May
3,1,0.894,5,12:53,12:00,1,1,0,1,25-May
1,2,1.214,5,12:53,12:00,1,1,0,1,25-May
1,2,1.052,5,12:53,12:00,1,1,0,1,25-May
1,4,1.958,5,12:53,12:00,1,1,0,1,25-May
1,5,1.619,5,12:53,12:00,1,1,0,1,25-May
1,4,1.489,5,12:53,12:00,1,1,0,1,25-May
1,6,1.683,5,12:53,12:00,1,1,0,1,25-May
1,6,1.704,3,16:29,16:00,0,0.5,0,1,25-May
6,5,1.403,3,16:29,16:00,0,0.5,0,1,25-May
3,2,0.971,1,16:29,16:00,0,0.5,0,1,25-May
1,3,2.371,2,16:29,16:00,0,0.5,0,1,25-May
1,2,1.784,2,16:29,16:00,0,0.5,0,1,25-May
1,2,1.712,2,16:29,16:00,0,0.5,0,1,25-May
1,3,1.703,2,16:29,16:00,0,0.5,0,1,25-May
1,1,1.526,5,16:29,16:00,0,0.5,0,1,25-May
1,3,2.16,5,16:29,16:00,0,0.5,0,1,25-May
1,1,1.56,5,16:29,16:00,0,0.5,0,1,25-May
1,3,1.242,5,16:29,16:00,0,0.5,0,1,25-May
1,4,1.181,5,16:29,16:00,0,0.5,0,1,25-May
1,1,2.038,5,16:29,16:00,0,0.5,0,1,25-May
1,5,1.171,3,16:29,16:00,0,0.5,0,1,25-May
1,5,1.029,3,16:29,16:00,0,0.5,0,1,25-May
2,9,1.688,3,16:29,16:00,0,0.5,0,1,25-May
1,3,1.297,3,16:29,16:00,0,0.5,0,1,25-May
1,1,1.648,3,16:29,16:00,0,0.5,0,1,25-May
1,1,1.323,3,16:29,16:00,0,0.5,0,1,25-May
1,2,1.608,3,16:29,16:00,0,0.5,0,1,25-May
1,1,2.207,3,16:29,16:00,0,0.5,0,1,25-May
1,3,1.566,3,16:29,16:00,0,0.5,0,1,25-May
1,1,1.281,3,16:29,16:00,0,0.5,0,1,25-May
1,4,1.683,3,16:42,16:00,0,0.5,0,1,25-May
2,4,1.378,3,16:42,16:00,0,0.5,0,1,25-May
2,4,1.353,3,16:42,16:00,0,0.5,0,1,25-May
1,6,1.072,3,16:42,16:00,0,0.5,0,1,25-May
1,3,1.472,3,16:42,16:00,0,0.5,0,1,25-May
1,5,1.858,3,16:42,16:00,0,0.5,0,1,25-May
6,5,1.244,3,16:42,16:00,0,0.5,0,1,25-May
1,2,1.618,5,16:42,16:00,0,0.5,0,1,25-May
2,4,2.02,5,16:42,16:00,0,0.5,0,1,25-May
1,5,1.711,5,16:42,16:00,0,0.5,0,1,25-May
1,3,1.806,5,16:42,16:00,0,0.5,0,1,25-May
1,2,1.534,5,16:42,16:00,0,0.5,0,1,25-May
1,3,2.487,5,16:42,16:00,0,0.5,0,1,25-May
1,1,2.124,5,16:42,16:00,0,0.5,0,1,25-May
1,1,2.468,5,16:42,16:00,0,0.5,0,1,25-May
5,3,1.856,5,16:42,16:00,0,0.5,0,1,25-May
2,4,1.29,5,16:42,16:00,0,0.5,0,1,25-May
1,1,1.236,5,16:42,16:00,0,0.5,0,1,25-May
1,3,1.219,5,16:42,16:00,0,0.5,0,1,25-May
1,2,1.289,5,16:42,16:00,0,0.5,0,1,25-May
2,4,1.656,5,16:42,16:00,0,0.5,0,1,25-May
1,2,1.197,5,16:42,16:00,0,0.5,0,1,25-May
3,1,1.105,5,16:42,16:00,0,0.5,0,1,25-May
1,2,1.405,5,16:42,16:00,0,0.5,0,1,25-May
1,3,0.878,5,16:42,16:00,0,0.5,0,1,25-May
1,1,1.498,5,16:42,16:00,0,0.5,0,1,25-May
1,2,1.677,5,16:42,16:00,0,0.5,0,1,25-May
3,1,1.472,5,16:42,16:00,0,0.5,0,1,25-May
7,2,1.331,5,16:42,16:00,0,0.5,0,1,25-May
1,5,1.331,5,16:42,16:00,0,0.5,0,1,25-May
2,3,2.509,5,16:42,16:00,0,0.5,0,1,25-May
1,1,2.622,5,16:42,16:00,0,0.5,0,1,25-May
1,6,1.287,5,16:42,16:00,0,0.5,0,1,25-May
1,3,1.653,5,16:42,16:00,0,0.5,0,1,25-May
1,1,1.693,5,16:42,16:00,0,0.5,0,1,25-May
2,5,1.799,5,16:42,16:00,0,0.5,0,1,25-May
1,1,2.205,5,16:42,16:00,0,0.5,0,1,25-May
1,1,2.003,5,16:58,16:00,1,0.5,0,1,25-May
1,1,1.853,5,16:58,16:00,1,0.5,0,1,25-May
1,5,1.45,5,16:58,16:00,1,0.5,0,1,25-May
1,3,1.233,5,16:58,16:00,1,0.5,0,1,25-May
1,1,1.139,5,16:58,16:00,1,0.5,0,1,25-May
1,3,1.871,5,16:58,16:00,1,0.5,0,1,25-May
2,3,1.647,5,16:58,16:00,1,0.5,0,1,25-May
1,1,1.793,5,16:58,16:00,1,0.5,0,1,25-May
1,1,1.933,5,16:58,16:00,1,0.5,0,1,25-May
1,6,1.634,5,16:58,16:00,1,0.5,0,1,25-May
2,4,1.601,5,16:58,16:00,1,0.5,0,1,25-May
1,1,2.197,5,16:58,16:00,1,0.5,0,1,25-May
2,4,1.894,5,16:58,16:00,1,0.5,0,1,25-May
1,3,1.541,5,16:58,16:00,1,0.5,0,1,25-May
1,3,1.955,5,16:58,16:00,1,0.5,0,1,25-May
1,3,0.883,5,16:58,16:00,1,0.5,0,1,25-May
1,6,1.393,5,16:58,16:00,1,0.5,0,1,25-May
1,1,1.198,5,16:58,16:00,1,0.5,0,1,25-May
1,3,2.004,5,16:58,16:00,1,0.5,0,1,25-May
2,3,2.015,5,16:58,16:00,1,0.5,0,1,25-May
4,6,1.277,5,16:58,16:00,1,0.5,0,1,25-May
1,1,1.519,5,16:58,16:00,1,0.5,0,1,25-May
1,1,1.541,5,16:58,16:00,1,0.5,0,1,25-May
1,2,0.947,5,16:58,16:00,1,0.5,0,1,25-May
1,2,1.648,5,16:58,16:00,1,0.5,0,1,25-May
7,1,1.777,5,16:58,16:00,1,0.5,0,1,25-May
1,4,2.464,5,16:58,16:00,1,0.5,0,1,25-May
2,3,2.528,5,16:58,16:00,1,0.5,0,1,25-May
2,4,1.423,5,16:58,16:00,1,0.5,0,1,25-May
7,1,1.679,5,16:58,16:00,1,0.5,0,1,25-May
1,1,1.811,5,16:58,16:00,1,0.5,0,1,25-May
1,3,1.66,5,16:58,16:00,1,0.5,0,1,25-May
1,5,1.402,5,16:58,16:00,1,0.5,0,1,25-May
1,6,1.286,5,16:58,16:00,1,0.5,0,1,25-May
2,4,1.725,5,16:58,16:00,1,0.5,0,1,25-May
3,3,1.325,5,16:58,16:00,1,0.5,0,1,25-May
1,1,1.541,5,16:58,16:00,1,0.5,0,1,25-May
1,3,1.464,5,16:58,16:00,1,0.5,0,1,25-May
2,4,1.536,5,16:58,16:00,1,0.5,0,1,25-May
1,2,1.15,5,16:58,16:00,1,0.5,0,1,25-May
1,2,1.424,5,16:58,16:00,1,0.5,0,1,25-May
1,5,1.674,5,16:58,16:00,1,0.5,0,1,25-May
1,3,1.841,5,16:58,16:00,1,0.5,0,1,25-May
1,6,2.01,5,16:58,16:00,1,0.5,0,1,25-May
4,2,1.561,5,16:58,16:00,1,0.5,0,1,25-May
2,9,2.14,5,16:58,16:00,1,0.5,0,1,25-May
2,3,1.857,5,16:58,16:00,1,0.5,0,1,25-May
2,1,1.878,5,16:58,16:00,1,0.5,0,1,25-May
2,4,1.598,5,16:58,16:00,1,0.5,0,1,25-May
1,4,1.349,5,16:58,16:00,1,0.5,0,1,25-May
2,4,1.541,4,16:58,16:00,1,0.5,0,1,25-May
1,1,1.95,3,16:58,16:00,1,0.5,0,1,25-May
1,1,1.355,3,16:58,16:00,1,0.5,0,1,25-May
2,4,1.585,3,16:58,16:00,1,0.5,0,1,25-May
1,3,1.458,3,16:58,16:00,1,0.5,0,1,25-May
1,3,1.239,3,16:58,16:00,1,0.5,0,1,25-May
1,3,1.406,3,16:58,16:00,1,0.5,0,1,25-May
1,9,2.364,3,17:12,17:00,0,0.5,0,1,25-May
1,3,1.744,3,17:12,17:00,0,0.5,0,1,25-May
1,2,2.385,3,17:12,17:00,0,0.5,0,1,25-May
1,4,1.904,3,17:12,17:00,0,0.5,0,1,25-May
3,3,1.822,3,17:12,17:00,0,0.5,0,1,25-May
1,1,1.481,3,17:12,17:00,0,0.5,0,1,25-May
1,3,1.328,3,17:12,17:00,0,0.5,0,1,25-May
1,2,1.609,3,17:12,17:00,0,0.5,0,1,25-May
1,4,1.151,3,17:12,17:00,0,0.5,0,1,25-May
1,1,1.155,3,17:12,17:00,0,0.5,0,1,25-May
1,3,1.398,3,17:12,17:00,0,0.5,0,1,25-May
1,1,1.371,3,17:12,17:00,0,0.5,0,1,25-May
1,1,1.753,4,17:12,17:00,0,0.5,0,1,25-May
1,4,1.313,4,17:12,17:00,0,0.5,0,1,25-May
1,5,1.114,3,17:12,17:00,0,0.5,0,1,25-May
1,3,1.738,3,17:12,17:00,0,0.5,0,1,25-May
1,3,1.624,3,17:12,17:00,0,0.5,0,1,25-May
1,9,1.34,3,17:12,17:00,0,0.5,0,1,25-May
1,1,2.264,3,17:12,17:00,0,0.5,0,1,25-May
1,6,1.345,3,17:12,17:00,0,0.5,0,1,25-May
1,6,1.631,3,17:12,17:00,0,0.5,0,1,25-May
1,5,1.339,3,17:12,17:00,0,0.5,0,1,25-May
1,3,1.629,3,17:12,17:00,0,0.5,0,1,25-May
1,1,1.346,3,17:12,17:00,0,0.5,0,1,25-May
1,3,1.962,5,15:48,15:00,0,0.25,0,1,20-May
1,6,1.706,5,15:48,15:00,0,0.25,0,1,20-May
3,4,1.682,5,15:48,15:00,0,0.25,0,1,20-May
1,3,1.961,5,15:48,15:00,0,0.25,0,1,20-May
1,1,1.842,5,15:48,15:00,0,0.25,0,1,20-May
1,2,1.571,5,15:48,15:00,0,0.25,0,1,20-May
1,1,1.699,5,15:48,15:00,0,0.25,0,1,20-May
1,5,1.569,5,15:48,15:00,0,0.25,0,1,20-May
1,5,2.018,5,15:48,15:00,0,0.25,0,1,20-May
4,6,0.773,5,15:48,15:00,0,0.25,0,1,20-May
1,5,1.457,5,15:48,15:00,0,0.25,0,1,20-May
1,1,1.557,5,15:48,15:00,0,0.25,0,1,20-May
4,2,1.281,5,15:48,15:00,0,0.25,0,1,20-May
1,2,2.018,5,15:48,15:00,0,0.25,0,1,20-May
1,4,1.201,5,15:48,15:00,0,0.25,0,1,20-May
1,3,2.151,5,15:48,15:00,0,0.25,0,1,20-May
5,4,1.916,5,15:48,15:00,0,0.25,0,1,20-May
1,1,1.714,5,15:48,15:00,0,0.25,0,1,20-May
1,1,1.952,5,15:48,15:00,0,0.25,0,1,20-May
1,6,1.784,5,15:48,15:00,0,0.25,0,1,20-May
1,4,2.077,5,15:48,15:00,0,0.25,0,1,20-May
1,2,2.254,5,15:48,15:00,0,0.25,0,1,20-May
3,2,2.376,5,15:48,15:00,0,0.25,0,1,20-May
1,1,1.674,5,15:48,15:00,0,0.25,0,1,20-May
1,2,2.226,5,15:48,15:00,1,0.25,0,1,20-May
1,1,2.204,5,15:48,15:00,1,0.25,0,1,20-May
1,5,2.307,5,15:48,15:00,1,0.25,0,1,20-May
1,1,1.904,5,15:48,15:00,1,0.25,0,1,20-May
1,5,1.826,5,15:48,15:00,1,0.25,0,1,20-May
3,5,1.925,5,15:48,15:00,1,0.25,0,1,20-May
3,1,1.137,5,15:48,15:00,1,0.25,0,1,20-May
1,5,1.105,5,15:48,15:00,1,0.25,0,1,20-May
2,4,1.613,5,15:48,15:00,1,0.25,0,1,20-May
1,2,1.71,5,15:48,15:00,1,0.25,0,1,20-May
1,3,1.304,5,15:48,15:00,1,0.25,0,1,20-May
1,6,1.701,5,15:48,15:00,1,0.25,0,1,20-May
3,3,1.527,5,15:48,15:00,1,0.25,0,1,20-May
1,1,1.585,5,15:48,15:00,1,0.25,0,1,20-May
1,6,1.536,5,15:48,15:00,1,0.25,0,1,20-May
2,6,1.622,5,15:48,15:00,1,0.25,0,1,20-May
1,3,1.783,5,15:48,15:00,1,0.25,0,1,20-May
3,2,1.246,5,15:48,15:00,1,0.25,0,1,20-May
1,1,1.384,5,15:48,15:00,1,0.25,0,1,20-May
1,2,1.464,5,15:48,15:00,1,0.25,0,1,20-May
1,3,1.664,5,15:48,15:00,1,0.25,0,1,20-May
2,4,1.693,5,15:48,15:00,1,0.25,0,1,20-May
1,1,1.594,5,15:48,15:00,1,0.25,0,1,20-May
1,5,1.783,5,15:48,15:00,1,0.25,0,1,20-May
1,1,1.568,5,15:48,15:00,1,0.25,0,1,20-May
1,3,1.526,5,15:48,15:00,1,0.25,0,1,20-May
1,1,1.917,5,15:48,15:00,1,0.25,0,1,20-May
1,3,1.852,5,15:48,15:00,1,0.25,0,1,20-May
1,1,1.712,5,15:48,15:00,1,0.25,0,1,20-May
1,5,1.533,5,15:48,15:00,1,0.25,0,1,20-May
1,5,1.624,5,15:48,15:00,1,0.25,0,1,20-May
1,2,1.841,5,15:48,15:00,1,0.25,0,1,20-May
1,1,1.443,5,15:48,15:00,1,0.25,0,1,20-May
2,4,1.173,5,15:48,15:00,1,0.25,0,1,20-May
1,2,1.37,5,15:48,15:00,1,0.25,0,1,20-May
3,1,1.247,5,15:48,15:00,1,0.25,0,1,20-May
1,2,1.205,5,15:48,15:00,1,0.25,0,1,20-May
3,1,1.433,5,15:48,15:00,1,0.25,0,1,20-May
1,3,1.574,5,15:48,15:00,1,0.25,0,1,20-May
1,1,1.351,5,15:48,15:00,1,0.25,0,1,20-May
1,2,1.41,5,15:48,15:00,1,0.25,0,1,20-May
1,3,1.437,5,15:48,15:00,1,0.25,0,1,20-May
1,3,2.407,5,15:48,15:00,1,0.25,0,1,20-May
1,3,1.453,5,15:48,15:00,1,0.25,0,1,20-May
1,3,1.341,5,15:48,15:00,1,0.25,0,1,20-May
1,3,1.335,5,15:48,15:00,1,0.25,0,1,20-May
1,1,1.497,5,15:48,15:00,1,0.25,0,1,20-May
3,2,1.587,5,15:48,15:00,1,0.25,0,1,20-May
1,1,1.815,5,15:48,15:00,1,0.25,0,1,20-May
1,1,2.26,5,15:48,15:00,1,0.25,0,1,20-May
1,2,2.016,5,15:48,15:00,1,0.25,0,1,20-May
1,6,0.954,5,16:21,16:00,0,0.25,0,1,20-May
1,3,1.801,5,16:21,16:00,0,0.25,0,1,20-May
1,6,1.407,5,16:21,16:00,0,0.25,0,1,20-May
1,5,1.513,5,16:21,16:00,0,0.25,0,1,20-May
1,1,1.323,5,16:21,16:00,0,0.25,0,1,20-May
1,6,1.898,5,16:21,16:00,0,0.25,0,1,20-May
1,2,1.446,5,16:21,16:00,0,0.25,0,1,20-May
1,3,1.975,5,16:21,16:00,0,0.25,0,1,20-May
1,1,1.608,5,16:21,16:00,0,0.25,0,1,20-May
1,5,1.172,5,16:21,16:00,0,0.25,0,1,20-May
1,3,1.37,5,16:21,16:00,0,0.25,0,1,20-May
1,5,1.553,5,16:21,16:00,0,0.25,0,1,20-May
1,1,2.739,5,16:21,16:00,0,0.25,0,1,20-May
1,1,1.3,5,16:21,16:00,0,0.25,0,1,20-May
1,2,1.695,5,16:21,16:00,0,0.25,0,1,20-May
1,5,1.955,5,16:21,16:00,0,0.25,0,1,20-May
7,2,1.924,5,16:21,16:00,0,0.25,0,1,20-May
1,1,1.944,5,16:21,16:00,0,0.25,0,1,20-May
1,3,2.079,5,16:21,16:00,0,0.25,0,1,20-May
1,6,1.673,5,16:21,16:00,0,0.25,0,1,20-May
1,1,1.657,5,16:21,16:00,0,0.25,0,1,20-May
1,3,1.762,5,16:21,16:00,0,0.25,0,1,20-May
2,1,2.21,5,16:21,16:00,0,0.25,0,1,20-May
1,1,2.399,5,16:21,16:00,0,0.25,0,1,20-May
1,2,2.121,5,16:21,16:00,0,0.25,0,1,20-May
3,6,1.846,5,16:21,16:00,0,0.25,0,1,20-May
1,3,1.811,5,16:21,16:00,0,0.25,0,1,20-May
1,1,1.948,5,16:21,16:00,0,0.25,0,1,20-May
1,3,1.877,5,16:21,16:00,0,0.25,0,1,20-May
1,3,2.098,5,16:21,16:00,0,0.25,0,1,20-May
1,1,2.031,5,16:21,16:00,0,0.25,0,1,20-May
1,3,1.62,5,16:21,16:00,0,0.25,0,1,20-May
1,5,1.399,5,16:21,16:00,0,0.25,0,1,20-May
1,4,1.46,5,16:21,16:00,0,0.25,0,1,20-May
1,5,1.536,5,16:21,16:00,0,0.25,0,1,20-May
1,6,1.482,5,16:21,16:00,0,0.25,0,1,20-May
1,3,1.725,5,16:21,16:00,0,0.25,0,1,20-May
1,4,2.08,5,16:21,16:00,0,0.25,0,1,20-May
1,1,2.019,5,16:21,16:00,0,0.25,0,1,20-May
1,3,1.474,5,16:21,16:00,0,0.25,0,1,20-May
1,2,1.621,5,16:21,16:00,0,0.25,0,1,20-May
1,1,1.183,5,16:21,16:00,0,0.25,0,1,20-May
1,5,1.234,5,16:21,16:00,0,0.25,0,1,20-May
1,6,1.636,5,16:21,16:00,0,0.25,0,1,20-May
1,3,1.5,5,16:21,16:00,0,0.25,0,1,20-May
1,5,1.648,5,16:21,16:00,0,0.25,0,1,20-May
1,1,1.46,5,16:21,16:00,0,0.25,0,1,20-May
1,1,1.553,5,16:21,16:00,0,0.25,0,1,20-May
1,1,1.913,5,16:21,16:00,0,0.25,0,1,20-May
1,1,0.394,5,16:21,16:00,0,0.25,0,1,20-May
1,1,1.831,5,16:21,16:00,0,0.25,0,1,20-May
1,2,1.56,5,16:21,16:00,0,0.25,0,1,20-May
1,6,0.882,5,16:21,16:00,0,0.25,0,1,20-May
1,1,3.56,5,16:21,16:00,0,0.25,0,1,20-May
1,2,1.014,5,16:21,16:00,0,0.25,0,1,20-May
1,1,1.585,5,16:21,16:00,0,0.25,0,1,20-May
3,3,1.976,5,16:21,16:00,0,0.25,0,1,20-May
1,3,1.382,5,16:21,16:00,0,0.25,0,1,20-May
1,1,1.621,5,16:21,16:00,0,0.25,0,1,20-May
1,3,1.845,5,16:21,16:00,0,0.25,0,1,20-May
4,6,1.219,5,16:21,16:00,0,0.25,0,1,20-May
1,1,1.681,5,16:21,16:00,0,0.25,0,1,20-May
1,2,2.327,5,16:21,16:00,0,0.25,0,1,20-May
1,5,2.251,5,16:21,16:00,0,0.25,0,1,20-May
4,2,1.495,5,16:21,16:00,0,0.25,0,1,20-May
3,3,2.041,5,16:21,16:00,0,0.25,0,1,20-May
1,2,2.265,5,16:21,16:00,0,0.25,0,1,20-May
1,1,2.474,5,16:21,16:00,0,0.25,0,1,20-May
1,2,2.314,5,16:21,16:00,0,0.25,0,1,20-May
7,1,2.703,5,16:21,16:00,0,0.25,0,1,20-May
1,6,2.156,5,16:21,16:00,0,0.25,0,1,20-May
1,4,1.927,5,16:21,16:00,0,0.25,0,1,20-May
1,3,2.123,5,16:21,16:00,0,0.25,0,1,20-May
1,2,1.541,5,16:21,16:00,0,0.25,0,1,20-May
1,4,1.455,5,16:21,16:00,0,0.25,0,1,20-May
1,1,1.116,5,16:21,16:00,0,0.25,0,1,20-May
1,1,2.199,5,16:21,16:00,0,0.25,0,1,20-May
1,3,1.993,5,16:21,16:00,0,0.25,0,1,20-May
1,1,1.506,5,16:21,16:00,0,0.25,0,1,20-May
1,2,1.587,5,16:21,16:00,0,0.25,0,1,20-May
1,3,1.655,5,16:21,16:00,0,0.25,0,1,20-May
1,1,1.861,5,16:21,16:00,0,0.25,0,1,20-May
3,3,1.195,5,16:21,16:00,0,0.25,0,1,20-May
1,5,1.303,5,16:21,16:00,0,0.25,0,1,20-May
1,1,2.101,5,16:21,16:00,0,0.25,0,1,20-May
1,5,1.873,5,16:21,16:00,0,0.25,0,1,20-May
4,6,1.774,5,16:21,16:00,0,0.25,0,1,20-May
1,5,2.293,5,16:21,16:00,0,0.25,0,1,20-May
1,4,2.044,5,16:21,16:00,0,0.25,0,1,20-May
1,2,2.526,5,16:21,16:00,0,0.25,0,1,20-May
1,2,1.601,5,16:21,16:00,0,0.25,0,1,20-May
1,9,1.634,5,16:21,16:00,0,0.25,0,1,20-May
1,1,1.605,5,16:21,16:00,0,0.25,0,1,20-May
2,2,2.057,5,15:18,15:00,0,1.25,0,1,26-May
6,6,1.714,5,15:18,15:00,0,1.25,0,1,26-May
6,1,1.055,5,15:18,15:00,0,1.25,0,1,26-May
1,3,2.023,5,15:18,15:00,0,1.25,0,1,26-May
1,3,1.624,5,15:18,15:00,0,1.25,0,1,26-May
1,5,1.96,5,15:18,15:00,0,1.25,0,1,26-May
5,2,1.327,5,15:18,15:00,0,1.25,0,1,26-May
1,1,1.398,5,15:18,15:00,0,1.25,0,1,26-May
1,3,1.425,5,15:18,15:00,0,1.25,0,1,26-May
1,6,1.44,5,15:18,15:00,0,1.25,0,1,26-May
1,6,1.066,5,15:18,15:00,0,1.25,0,1,26-May
1,1,0.636,5,15:18,15:00,0,1.25,0,1,26-May
1,2,1.15,5,15:18,15:00,0,1.25,0,1,26-May
1,9,1.208,5,15:18,15:00,0,1.25,0,1,26-May
1,1,1.58,5,15:18,15:00,0,1.25,0,1,26-May
2,3,1.905,3,15:18,15:00,0,1.25,0,1,26-May
3,4,1.505,3,15:18,15:00,0,1.25,0,1,26-May
1,1,1.477,3,15:18,15:00,0,1.25,0,1,26-May
1,4,1.088,3,15:18,15:00,0,1.25,0,1,26-May
3,6,2.023,3,15:18,15:00,0,1.25,0,1,26-May
1,2,1.286,3,15:18,15:00,0,1.25,0,1,26-May
1,1,1.559,3,15:18,15:00,0,1.25,0,1,26-May
1,3,1.697,3,15:18,15:00,0,1.25,0,1,26-May
1,1,1.589,3,15:18,15:00,0,1.25,0,1,26-May
1,2,2.002,3,15:18,15:00,0,1.25,0,1,26-May
3,5,1.245,3,15:18,15:00,0,1.25,0,1,26-May
1,1,2.42,3,15:18,15:00,0,1.25,0,1,26-May
1,3,3.787,3,15:18,15:00,0,1.25,0,1,26-May
1,5,1.581,3,15:18,15:00,0,1.25,0,1,26-May
2,3,1.204,3,15:18,15:00,0,1.25,0,1,26-May
1,1,1.831,4,15:18,15:00,0,1.25,0,1,26-May
6,3,1.617,4,15:18,15:00,0,1.25,0,1,26-May
1,5,1.023,3,15:18,15:00,0,1.25,0,1,26-May
6,1,1.047,3,15:18,15:00,0,1.25,0,1,26-May
2,4,1.112,3,15:18,15:00,0,1.25,0,1,26-May
1,1,1.007,3,15:18,15:00,0,1.25,0,1,26-May
1,3,1.091,3,15:18,15:00,0,1.25,0,1,26-May
2,2,1.304,3,15:18,15:00,0,1.25,0,1,26-May
3,6,1.431,3,15:18,15:00,0,1.25,0,1,26-May
1,3,1.333,5,15:18,15:00,0,1.25,0,1,26-May
1,5,1.275,5,15:18,15:00,0,1.25,0,1,26-May
1,3,1.231,5,15:18,15:00,0,1.25,0,1,26-May
1,6,1.28,5,15:18,15:00,0,1.25,0,1,26-May
1,1,1.642,5,15:18,15:00,0,1.25,0,1,26-May
1,2,0.845,5,15:18,15:00,0,1.25,0,1,26-May
1,1,2.214,5,15:18,15:00,0,1.25,0,1,26-May
1,1,1.514,5,15:18,15:00,0,1.25,0,1,26-May
1,5,1.529,5,15:18,15:00,0,1.25,0,1,26-May
1,1,1.154,5,15:18,15:00,0,1.25,0,1,26-May
1,6,1.679,5,15:18,15:00,0,1.25,0,1,26-May
1,9,1.491,5,15:18,15:00,0,1.25,0,1,26-May
1,3,1.631,5,15:18,15:00,0,1.25,0,1,26-May
1,3,1.55,5,15:18,15:00,0,1.25,0,1,26-May
6,4,1.371,5,15:18,15:00,0,1.25,0,1,26-May
1,1,1.955,4,15:18,15:00,0,1.25,0,1,26-May
4,2,0.893,4,15:18,15:00,0,1.25,0,1,26-May
3,2,1.43,5,15:30,15:00,0,1.25,0,1,26-May
3,5,2.041,5,15:30,15:00,0,1.25,0,1,26-May
1,3,1.058,5,15:30,15:00,0,1.25,0,1,26-May
1,3,1.345,5,15:30,15:00,0,1.25,0,1,26-May
3,1,1.515,5,15:30,15:00,0,1.25,0,1,26-May
1,1,1.343,5,15:30,15:00,0,1.25,0,1,26-May
5,6,0.836,5,15:30,15:00,0,1.25,0,1,26-May
2,4,1.832,5,15:30,15:00,0,1.25,0,1,26-May
1,1,1.855,5,15:30,15:00,0,1.25,0,1,26-May
1,2,1.967,5,15:30,15:00,0,1.25,0,1,26-May
1,9,1.251,5,15:30,15:00,0,1.25,0,1,26-May
1,1,1.528,5,15:30,15:00,0,1.25,0,1,26-May
2,4,1.052,5,15:30,15:00,0,1.25,0,1,26-May
3,1,1.878,5,15:30,15:00,0,1.25,0,1,26-May
1,3,1.616,5,15:30,15:00,0,1.25,0,1,26-May
2,4,1.446,5,15:30,15:00,0,1.25,0,1,26-May
1,2,1.648,5,15:30,15:00,0,1.25,0,1,26-May
1,1,1.521,5,15:30,15:00,0,1.25,0,1,26-May
1,1,1.337,5,15:30,15:00,0,1.25,0,1,26-May
1,1,1.093,5,15:48,15:00,0,1.25,0,1,26-May
1,1,1.366,5,15:48,15:00,0,1.25,0,1,26-May
5,4,1.442,5,15:48,15:00,0,1.25,0,1,26-May
1,1,1.415,5,15:48,15:00,0,1.25,0,1,26-May
1,2,1.012,5,15:48,15:00,0,1.25,0,1,26-May
1,6,1.42,5,15:48,15:00,0,1.25,0,1,26-May
1,2,1.597,5,15:48,15:00,0,1.25,0,1,26-May
1,2,1.455,5,15:48,15:00,0,1.25,0,1,26-May
1,3,1.554,5,15:48,15:00,0,1.25,0,1,26-May
1,1,1.373,5,15:48,15:00,0,1.25,0,1,26-May
1,3,0.805,5,15:48,15:00,0,1.25,0,1,26-May
1,4,1.016,5,15:48,15:00,0,1.25,0,1,26-May
3,1,0.944,5,15:48,15:00,0,1.25,0,1,26-May
1,3,1.162,5,15:48,15:00,0,1.25,0,1,26-May
1,3,1.259,5,15:48,15:00,0,1.25,0,1,26-May
1,3,2.428,5,15:48,15:00,0,1.25,0,1,26-May
1,2,1.368,5,15:48,15:00,0,1.25,0,1,26-May
1,9,1.659,5,15:48,15:00,0,1.25,0,1,26-May
1,1,2.167,5,15:48,15:00,0,1.25,0,1,26-May
1,5,1.265,5,15:48,15:00,0,1.25,0,1,26-May
1,2,1.082,5,15:48,15:00,0,1.25,0,1,26-May
1,3,1.423,5,15:48,15:00,0,1.25,0,1,26-May
2,4,1.276,5,15:48,15:00,0,1.25,0,1,26-May
1,1,1.552,5,15:48,15:00,0,1.25,0,1,26-May
1,1,2.566,5,15:48,15:00,0,1.25,0,1,26-May
1,3,1.883,5,15:48,15:00,0,1.25,0,1,26-May
1,5,1.421,5,15:48,15:00,0,1.25,0,1,26-May
1,5,1.417,5,15:48,15:00,0,1.25,0,1,26-May
1,6,1.437,5,15:48,15:00,0,1.25,0,1,26-May
6,4,1.176,5,15:48,15:00,0,1.25,0,1,26-May
1,2,1.372,5,15:48,15:00,0,1.25,0,1,26-May
3,1,1.104,5,15:48,15:00,0,1.25,0,1,26-May
1,4,1.327,5,15:48,15:00,0,1.25,0,1,26-May
1,9,1.259,5,15:48,15:00,0,1.25,0,1,26-May
6,3,0.739,5,15:48,15:00,0,1.25,0,1,26-May
1,2,0.914,5,15:48,15:00,0,1.25,0,1,26-May
1,5,1.105,5,15:48,15:00,0,1.25,0,1,26-May
1,2,1.328,5,15:48,15:00,0,1.25,0,1,26-May
1,3,1.163,5,15:48,15:00,0,1.25,0,1,26-May
2,4,1.098,5,15:48,15:00,0,1.25,0,1,26-May
1,2,1.033,5,15:48,15:00,0,1.25,0,1,26-May
1,1,1.713,5,15:48,15:00,0,1.25,0,1,26-May
1,1,1.459,5,15:48,15:00,0,1.25,0,1,26-May
1,1,1.675,5,15:48,15:00,0,1.25,0,1,26-May
1,6,1.239,5,15:48,15:00,0,1.25,0,1,26-May
1,2,1.491,5,15:48,15:00,0,1.25,0,1,26-May
1,3,1.565,5,15:48,15:00,0,1.25,0,1,26-May
1,2,1.45,5,15:48,15:00,0,1.25,0,1,26-May
1,9,1.47,5,15:48,15:00,0,1.25,0,1,26-May
1,2,1.281,5,15:48,15:00,0,1.25,0,1,26-May
5,6,1.044,5,15:48,15:00,0,1.25,0,1,26-May
2,2,1.315,5,9:25,9:00,0,1,0,1,27-May
1,2,2.88,5,9:25,9:00,0,1,0,1,27-May
1,3,1.683,5,9:25,9:00,0,1,0,1,27-May
1,1,1.675,5,9:25,9:00,0,1,0,1,27-May
1,1,1.706,5,9:25,9:00,0,1,0,1,27-May
1,1,1.294,5,9:25,9:00,0,1,0,1,27-May
1,6,1.801,5,9:25,9:00,0,1,0,1,27-May
1,2,1.769,5,9:25,9:00,0,1,0,1,27-May
2,2,1.358,5,9:25,9:00,0,1,0,1,27-May
1,1,1.07,5,9:25,9:00,0,1,0,1,27-May
1,1,1.439,5,9:25,9:00,0,1,0,1,27-May
1,2,1.595,5,9:25,9:00,0,1,0,1,27-May
1,3,1.78,5,9:25,9:00,0,1,0,1,27-May
4,2,1.237,5,9:25,9:00,0,1,0,1,27-May
1,2,1.969,5,9:25,9:00,0,1,0,1,27-May
5,6,1.201,5,9:25,9:00,0,1,0,1,27-May
1,1,1.651,5,9:25,9:00,0,1,0,1,27-May
1,2,1.654,5,9:25,9:00,0,1,0,1,27-May
1,6,1.489,5,9:25,9:00,0,1,0,1,27-May
1,3,1.06,5,9:25,9:00,0,1,0,1,27-May
1,5,1.312,5,9:25,9:00,0,1,0,1,27-May
1,1,1.454,5,9:25,9:00,0,1,0,1,27-May
1,3,1.063,5,9:25,9:00,0,1,0,1,27-May
1,2,1.353,5,9:25,9:00,0,1,0,1,27-May
1,1,1.912,5,9:25,9:00,0,1,0,1,27-May
1,5,1.515,5,9:25,9:00,0,1,0,1,27-May
1,3,1.432,5,9:25,9:00,0,1,0,1,27-May
2,4,1.453,5,9:25,9:00,0,1,0,1,27-May
1,3,1.221,5,9:25,9:00,0,1,0,1,27-May
1,2,3.248,5,9:25,9:00,0,1,0,1,27-May
1,2,2.099,5,9:25,9:00,0,1,0,1,27-May
1,1,1.56,5,9:25,9:00,0,1,0,1,27-May
1,1,1.326,5,9:25,9:00,0,1,0,1,27-May
1,1,0.982,5,9:25,9:00,0,1,0,1,27-May
1,1,1.019,5,9:25,9:00,0,1,0,1,27-May
1,3,1.35,5,9:25,9:00,0,1,0,1,27-May
1,2,1.108,5,9:25,9:00,0,1,0,1,27-May
1,5,1.519,5,9:25,9:00,0,1,0,1,27-May
1,1,1.404,5,9:25,9:00,0,1,0,1,27-May
1,2,1.765,5,9:25,9:00,0,1,0,1,27-May
2,4,1.223,5,9:25,9:00,0,1,0,1,27-May
1,5,1.584,5,9:25,9:00,0,1,0,1,27-May
2,4,1.624,5,9:25,9:00,0,1,0,1,27-May
1,3,1.214,5,9:25,9:00,0,1,0,1,27-May
3,2,1.435,5,9:25,9:00,0,1,0,1,27-May
1,3,1.592,5,9:25,9:00,0,1,0,1,27-May
1,2,1.758,5,9:25,9:00,0,1,0,1,27-May
1,1,0.949,5,9:25,9:00,0,1,0,1,27-May
1,2,1.226,5,9:25,9:00,0,1,0,1,27-May
4,2,1.257,5,9:25,9:00,0,1,0,1,27-May
1,2,1.466,5,9:25,9:00,0,1,0,1,27-May
7,1,1.946,5,9:25,9:00,0,1,0,1,27-May
1,2,1.704,5,9:25,9:00,0,1,0,1,27-May
1,6,1.475,5,9:25,9:00,0,1,0,1,27-May
1,1,1.405,5,9:25,9:00,0,1,0,1,27-May
1,1,1.441,5,9:25,9:00,0,1,0,1,27-May
1,1,1.199,5,9:25,9:00,0,1,0,1,27-May
1,5,1.301,5,9:25,9:00,0,1,0,1,27-May
1,2,1.767,5,9:25,9:00,0,1,0,1,27-May
1,9,1.945,5,9:25,9:00,0,1,0,1,27-May
1,1,2.402,5,9:25,9:00,0,1,0,1,27-May
1,3,1.163,5,9:25,9:00,0,1,0,1,27-May
1,1,1.705,5,9:25,9:00,0,1,0,1,27-May
3,6,1.632,5,9:38,9:00,0,0.5,0,1,27-May
1,3,1.64,5,9:38,9:00,0,0.5,0,1,27-May
1,1,1.247,5,9:38,9:00,0,0.5,0,1,27-May
1,3,1.517,5,9:38,9:00,0,0.5,0,1,27-May
1,5,1.351,5,9:38,9:00,0,0.5,0,1,27-May
1,2,1.207,5,9:38,9:00,0,0.5,0,1,27-May
1,1,1.479,5,9:38,9:00,0,0.5,0,1,27-May
1,3,1.269,5,9:38,9:00,0,0.5,0,1,27-May
1,2,1.539,5,9:38,9:00,0,0.5,0,1,27-May
1,5,1.534,5,9:38,9:00,0,0.5,0,1,27-May
1,5,1.213,5,9:38,9:00,0,0.5,0,1,27-May
3,6,1.19,5,9:38,9:00,0,0.5,0,1,27-May
1,3,1.397,5,9:38,9:00,0,0.5,0,1,27-May
1,1,1.141,5,9:38,9:00,0,0.5,0,1,27-May
1,3,1.988,5,9:38,9:00,0,0.5,0,1,27-May
1,1,1.067,5,9:38,9:00,0,0.5,0,1,27-May
1,1,1.415,5,9:38,9:00,0,0.5,0,1,27-May
3,5,1.375,5,9:38,9:00,0,0.5,0,1,27-May
4,2,1.727,5,9:38,9:00,0,0.5,0,1,27-May
1,3,2.045,5,9:38,9:00,0,0.5,0,1,27-May
2,4,1.904,5,9:38,9:00,0,0.5,0,1,27-May
1,2,1.918,5,9:38,9:00,0,0.5,0,1,27-May
1,3,1.905,5,9:38,9:00,0,0.5,0,1,27-May
1,4,1.392,5,9:38,9:00,0,0.5,0,1,27-May
2,4,1.46,5,9:38,9:00,0,0.5,0,1,27-May
1,5,1.741,5,9:38,9:00,0,0.5,0,1,27-May
1,4,2.133,5,9:38,9:00,0,0.5,0,1,27-May
5,4,2.521,5,9:38,9:00,0,0.5,0,1,27-May
2,2,1.844,5,9:38,9:00,0,0.5,0,1,27-May
1,2,1.84,5,9:38,9:00,0,0.5,0,1,27-May
1,3,1.957,5,9:38,9:00,0,0.5,0,1,27-May
1,2,1.692,5,9:38,9:00,0,0.5,0,1,27-May
1,1,1.836,5,9:38,9:00,0,0.5,0,1,27-May
1,3,1.876,5,9:38,9:00,0,0.5,0,1,27-May
1,1,2.387,5,9:38,9:00,0,0.5,0,1,27-May
1,3,1.351,5,9:38,9:00,0,0.5,0,1,27-May
1,1,1.764,5,9:38,9:00,0,0.5,0,1,27-May
1,3,1.612,5,9:38,9:00,0,0.5,0,1,27-May
1,6,2.358,5,9:38,9:00,0,0.5,0,1,27-May
2,4,1.909,5,9:38,9:00,0,0.5,0,1,27-May
3,3,2.249,3,9:38,9:00,0,0.5,0,1,27-May
2,4,1.71,3,9:38,9:00,0,0.5,0,1,27-May
1,2,2.164,3,9:38,9:00,0,0.5,0,1,27-May
1,1,1.348,3,9:38,9:00,0,0.5,0,1,27-May
6,5,1.489,3,9:38,9:00,0,0.5,0,1,27-May
1,3,1.922,3,9:38,9:00,0,0.5,0,1,27-May
1,2,1.619,3,9:38,9:00,0,0.5,0,1,27-May
1,2,1.342,3,9:38,9:00,0,0.5,0,1,27-May
1,4,1.37,3,9:38,9:00,0,0.5,0,1,27-May
1,5,1.395,3,9:38,9:00,0,0.5,0,1,27-May
1,1,1.601,3,9:38,9:00,0,0.5,0,1,27-May
1,3,2.094,3,10:01,9:00,1,0.5,0,1,27-May
1,5,1.647,3,10:01,9:00,1,0.5,0,1,27-May
7,5,1.804,3,10:01,9:00,1,0.5,0,1,27-May
1,3,1.105,3,10:01,9:00,1,0.5,0,1,27-May
1,1,1.192,3,10:01,9:00,1,0.5,0,1,27-May
1,1,1.278,1,10:01,9:00,1,0.5,0,1,27-May
1,3,0.773,1,10:01,9:00,1,0.5,0,1,27-May
1,3,1.333,3,10:01,9:00,1,0.5,0,1,27-May
1,3,2.44,3,10:01,9:00,1,0.5,0,1,27-May
1,3,1.631,3,10:01,9:00,1,0.5,0,1,27-May
4,6,1.076,5,10:01,9:00,1,0.5,0,1,27-May
3,3,1.245,5,10:01,9:00,1,0.5,0,1,27-May
1,1,1.701,5,10:01,9:00,1,0.5,0,1,27-May
1,1,1.514,5,10:01,9:00,1,0.5,0,1,27-May
1,2,1.359,5,10:01,9:00,1,0.5,0,1,27-May
1,1,1.709,5,10:01,9:00,1,0.5,0,1,27-May
1,1,1.598,5,10:01,9:00,1,0.5,0,1,27-May
1,5,1.776,5,10:01,9:00,1,0.5,0,1,27-May
1,1,2.089,5,10:01,9:00,1,0.5,0,1,27-May
1,2,1.632,5,10:01,9:00,1,0.5,0,1,27-May
2,4,2.134,5,10:01,9:00,1,0.5,0,1,27-May
1,1,2.014,5,10:01,9:00,1,0.5,0,1,27-May
1,1,1.788,5,10:01,9:00,1,0.5,0,1,27-May
1,3,1.679,5,10:01,9:00,1,0.5,0,1,27-May
1,1,1.071,5,10:01,9:00,1,0.5,0,1,27-May
1,9,1.569,5,10:01,9:00,1,0.5,0,1,27-May
1,3,2.063,5,10:01,9:00,1,0.5,0,1,27-May
3,2,1.35,5,10:01,9:00,1,0.5,0,1,27-May
3,5,1.598,5,10:01,9:00,1,0.5,0,1,27-May
1,3,1.217,5,10:01,9:00,1,0.5,0,1,27-May
3,1,0.979,5,10:01,9:00,1,0.5,0,1,27-May
1,2,1.636,5,10:01,9:00,1,0.5,0,1,27-May
1,2,1.067,5,10:01,9:00,1,0.5,0,1,27-May
1,1,1.307,5,10:01,9:00,1,0.5,0,1,27-May
2,4,1.291,5,10:01,9:00,1,0.5,0,1,27-May
1,1,1.336,5,10:01,9:00,1,0.5,0,1,27-May
1,3,1.55,5,10:01,9:00,1,0.5,0,1,27-May
1,1,1.741,5,10:01,9:00,1,0.5,0,1,27-May
1,1,1.378,5,10:01,9:00,1,0.5,0,1,27-May
1,2,1.475,5,10:01,9:00,1,0.5,0,1,27-May
1,1,2.586,5,10:01,9:00,1,0.5,0,1,27-May
1,3,2.058,5,10:01,9:00,1,0.5,0,1,27-May
3,1,1.434,5,10:01,9:00,1,0.5,0,1,27-May
1,4,1.664,5,10:01,9:00,1,0.5,0,1,27-May
1,4,1.231,5,10:01,9:00,1,0.5,0,1,27-May
1,5,1.219,5,10:01,9:00,1,0.5,0,1,27-May
3,6,1.242,5,10:01,9:00,1,0.5,0,1,27-May
1,2,1.547,5,10:01,9:00,1,0.5,0,1,27-May
1,1,1.482,5,10:01,9:00,1,0.5,0,1,27-May
3,5,1.501,5,10:01,9:00,1,0.5,0,1,27-May
1,2,1.518,5,10:01,9:00,1,0.5,0,1,27-May
1,9,1.539,5,10:01,9:00,1,0.5,0,1,27-May
1,6,1.456,5,10:01,9:00,1,0.5,0,1,27-May
2,4,1.316,5,10:01,9:00,1,0.5,0,1,27-May
1,3,1.101,5,10:01,9:00,1,0.5,0,1,27-May
1,5,1.744,5,10:01,9:00,1,0.5,0,1,27-May
1,3,2.179,3,10:01,9:00,1,0.5,0,1,27-May
1,3,1.846,3,10:01,9:00,1,0.5,0,1,27-May
3,6,1.39,3,10:01,9:00,1,0.5,0,1,27-May
1,2,1.551,3,10:01,9:00,1,0.5,0,1,27-May
2,4,1.249,3,10:01,9:00,1,0.5,0,1,27-May
3,3,1.625,3,10:01,9:00,1,0.5,0,1,27-May
1,6,1.45,3,10:01,9:00,1,0.5,0,1,27-May
1,3,1.36,3,10:01,9:00,1,0.5,0,1,27-May
1,2,1.713,5,8:28,8:00,1,1.25,0,1,31-May
1,6,1.589,5,8:28,8:00,1,1.25,0,1,31-May
1,2,1.748,5,8:28,8:00,1,1.25,0,1,31-May
2,2,1.351,5,8:28,8:00,1,1.25,0,1,31-May
2,4,1.547,5,8:28,8:00,1,1.25,0,1,31-May
2,4,1.303,5,8:28,8:00,1,1.25,0,1,31-May
1,3,1.357,5,8:28,8:00,1,1.25,0,1,31-May
1,3,1.274,5,8:28,8:00,1,1.25,0,1,31-May
1,2,1.224,5,8:28,8:00,1,1.25,0,1,31-May
1,1,1.275,5,8:28,8:00,1,1.25,0,1,31-May
1,2,2.038,5,8:28,8:00,1,1.25,0,1,31-May
1,1,1.103,5,8:28,8:00,1,1.25,0,1,31-May
1,2,1.29,5,8:28,8:00,1,1.25,0,1,31-May
1,1,1.953,5,8:28,8:00,1,1.25,0,1,31-May
2,4,2.421,5,8:28,8:00,1,1.25,0,1,31-May
1,1,1.416,5,8:28,8:00,1,1.25,0,1,31-May
1,3,1.171,5,8:28,8:00,1,1.25,0,1,31-May
1,3,0.975,5,8:28,8:00,1,1.25,0,1,31-May
1,3,1.96,5,8:28,8:00,1,1.25,0,1,31-May
1,1,1.433,5,8:28,8:00,1,1.25,0,1,31-May
5,99,1.316,5,8:28,8:00,1,1.25,0,1,31-May
1,2,1.103,5,8:28,8:00,1,1.25,0,1,31-May
1,2,1.302,5,8:28,8:00,1,1.25,0,1,31-May
1,1,0.963,5,8:28,8:00,1,1.25,0,1,31-May
1,3,1.287,5,8:28,8:00,1,1.25,0,1,31-May
1,3,1.197,5,8:28,8:00,1,1.25,0,1,31-May
1,1,1.431,5,8:28,8:00,1,1.25,0,1,31-May
1,1,1.644,5,8:28,8:00,1,1.25,0,1,31-May
3,2,1.111,5,8:28,8:00,1,1.25,0,1,31-May
1,2,2.016,5,8:28,8:00,1,1.25,0,1,31-May
1,1,1.507,5,8:28,8:00,1,1.25,0,1,31-May
2,4,1.756,5,8:28,8:00,1,1.25,0,1,31-May
1,1,1.478,5,8:28,8:00,1,1.25,0,1,31-May
1,1,1.286,5,8:28,8:00,1,1.25,0,1,31-May
2,2,1.369,5,8:28,8:00,1,1.25,0,1,31-May
3,3,1.467,5,8:28,8:00,1,1.25,0,1,31-May
3,1,1.478,5,8:28,8:00,1,1.25,0,1,31-May
2,4,1.762,5,8:28,8:00,1,1.25,0,1,31-May
1,4,1.001,5,8:28,8:00,1,1.25,0,1,31-May
1,5,1.252,5,8:28,8:00,1,1.25,0,1,31-May
5,1,1.163,5,8:28,8:00,1,1.25,0,1,31-May
2,1,1.138,5,8:28,8:00,1,1.25,0,1,31-May
1,1,1.592,5,8:28,8:00,1,1.25,0,1,31-May
5,4,0.958,5,8:28,8:00,1,1.25,0,1,31-May
1,6,1.615,5,8:28,8:00,1,1.25,0,1,31-May
7,1,1.589,5,8:28,8:00,1,1.25,0,1,31-May
1,5,1.171,5,8:28,8:00,1,1.25,0,1,31-May
2,9,1.234,5,8:28,8:00,1,1.25,0,1,31-May
1,5,1.495,5,8:28,8:00,1,1.25,0,1,31-May
1,3,1.3,5,8:28,8:00,1,1.25,0,1,31-May
1,5,1.624,5,8:28,8:00,1,1.25,0,1,31-May
1,9,1.501,5,8:39,8:00,1,1.25,0,1,31-May
1,1,1.574,5,8:39,8:00,1,1.25,0,1,31-May
4,2,1.192,5,8:39,8:00,1,1.25,0,1,31-May
1,5,1.096,5,8:39,8:00,1,1.25,0,1,31-May
3,6,1.548,5,8:39,8:00,1,1.25,0,1,31-May
5,4,1.389,5,8:39,8:00,1,1.25,0,1,31-May
1,3,1.308,5,8:39,8:00,1,1.25,0,1,31-May
1,5,1.431,5,8:39,8:00,1,1.25,0,1,31-May
1,1,2.188,5,8:39,8:00,1,1.25,0,1,31-May
1,6,1.453,5,8:39,8:00,1,1.25,0,1,31-May
1,3,1.354,5,8:39,8:00,1,1.25,0,1,31-May
1,1,1.875,5,8:39,8:00,1,1.25,0,1,31-May
1,1,1.576,5,8:39,8:00,1,1.25,0,1,31-May
6,6,1.6,5,8:39,8:00,1,1.25,0,1,31-May
1,3,3.124,5,8:39,8:00,1,1.25,0,1,31-May
2,4,1.019,5,8:39,8:00,1,1.25,0,1,31-May
1,2,1.261,5,8:39,8:00,1,1.25,0,1,31-May
2,2,0.984,5,8:39,8:00,1,1.25,0,1,31-May
3,5,0.974,5,8:39,8:00,1,1.25,0,1,31-May
2,4,1.167,5,8:39,8:00,1,1.25,0,1,31-May
2,3,1.274,5,8:39,8:00,1,1.25,0,1,31-May
2,2,1.271,5,8:39,8:00,1,1.25,0,1,31-May
1,3,1.784,5,8:39,8:00,1,1.25,0,1,31-May
1,6,1.21,5,8:39,8:00,1,1.25,0,1,31-May
1,2,1.864,5,8:50,8:00,0,1.25,0,1,31-May
1,6,1.069,5,8:50,8:00,0,1.25,0,1,31-May
2,1,1.453,5,8:50,8:00,0,1.25,0,1,31-May
1,1,1.231,5,8:50,8:00,0,1.25,0,1,31-May
1,3,1.374,5,8:50,8:00,0,1.25,0,1,31-May
1,6,1.185,5,8:50,8:00,0,1.25,0,1,31-May
1,1,1.777,5,8:50,8:00,0,1.25,0,1,31-May
1,1,1.489,5,8:50,8:00,0,1.25,0,1,31-May
5,4,0.846,5,8:50,8:00,0,1.25,0,1,31-May
1,3,1.249,5,8:50,8:00,0,1.25,0,1,31-May
1,6,0.949,5,8:50,8:00,0,1.25,0,1,31-May
2,1,1.817,5,8:50,8:00,0,1.25,0,1,31-May
1,6,1.384,5,8:50,8:00,0,1.25,0,1,31-May
1,1,1.063,5,8:50,8:00,0,1.25,0,1,31-May
1,2,1.677,5,8:50,8:00,0,1.25,0,1,31-May
1,5,1.644,5,8:50,8:00,0,1.25,0,1,31-May
1,5,1.199,5,8:50,8:00,0,1.25,0,1,31-May
1,1,1.709,5,8:50,8:00,0,1.25,0,1,31-May
1,3,1.764,5,8:50,8:00,0,1.25,0,1,31-May
1,5,1.487,5,8:50,8:00,0,1.25,0,1,31-May
2,4,0.864,5,8:50,8:00,0,1.25,0,1,31-May
1,3,1.096,5,8:50,8:00,0,1.25,0,1,31-May
1,5,1.136,5,8:50,8:00,0,1.25,0,1,31-May
2,1,1.535,5,8:50,8:00,0,1.25,0,1,31-May
5,99,1.335,5,8:50,8:00,0,1.25,0,1,31-May
1,2,1.284,5,8:50,8:00,0,1.25,0,1,31-May
1,6,1.519,5,8:50,8:00,0,1.25,0,1,31-May
1,1,2.016,5,8:50,8:00,0,1.25,0,1,31-May
1,1,1.308,5,8:50,8:00,0,1.25,0,1,31-May
3,3,1.997,5,8:50,8:00,0,1.25,0,1,31-May
1,3,1.969,5,8:50,8:00,0,1.25,0,1,31-May
1,3,1.936,5,9:04,9:00,0,0.75,0,1,31-May
1,1,1.606,5,9:04,9:00,0,0.75,0,1,31-May
2,3,1.373,5,9:04,9:00,0,0.75,0,1,31-May
1,2,1.648,5,9:04,9:00,0,0.75,0,1,31-May
1,2,1.354,5,9:04,9:00,0,0.75,0,1,31-May
1,6,1.454,5,9:04,9:00,0,0.75,0,1,31-May
1,1,1.294,5,9:04,9:00,0,0.75,0,1,31-May
1,1,1.647,5,9:04,9:00,0,0.75,0,1,31-May
1,6,1.075,5,9:04,9:00,0,0.75,0,1,31-May
5,4,1.374,5,9:04,9:00,0,0.75,0,1,31-May
1,6,2.156,5,9:04,9:00,0,0.75,0,1,31-May
2,1,1.206,5,9:04,9:00,0,0.75,0,1,31-May
1,1,1.233,5,9:04,9:00,0,0.75,0,1,31-May
1,3,1.536,5,9:04,9:00,0,0.75,0,1,31-May
2,4,2.102,5,9:04,9:00,0,0.75,0,1,31-May
1,2,1.489,5,9:04,9:00,0,0.75,0,1,31-May
1,1,1.374,5,9:04,9:00,0,0.75,0,1,31-May
1,4,1.177,5,9:04,9:00,0,0.75,0,1,31-May
6,2,0.942,5,9:04,9:00,0,0.75,0,1,31-May
3,1,1.271,5,9:04,9:00,0,0.75,0,1,31-May
5,6,1.761,5,9:04,9:00,0,0.75,0,1,31-May
1,3,1.727,5,9:04,9:00,0,0.75,0,1,31-May
1,1,1.583,5,9:04,9:00,0,0.75,0,1,31-May
1,1,1.592,5,9:04,9:00,0,0.75,0,1,31-May
1,4,1.691,5,9:04,9:00,0,0.75,0,1,31-May
1,5,1.549,5,9:04,9:00,0,0.75,0,1,31-May
1,2,1.715,5,9:04,9:00,0,0.75,0,1,31-May
1,1,1.842,5,9:04,9:00,0,0.75,0,1,31-May
2,4,2.44,5,9:04,9:00,0,0.75,0,1,31-May
3,1,1.977,5,9:04,9:00,0,0.75,0,1,31-May
2,2,1.577,5,9:04,9:00,0,0.75,0,1,31-May
1,4,1.38,5,9:04,9:00,0,0.75,0,1,31-May
1,1,1.64,5,9:04,9:00,0,0.75,0,1,31-May
1,4,0.991,5,9:04,9:00,0,0.75,0,1,31-May
1,1,1.288,5,9:04,9:00,0,0.75,0,1,31-May
1,2,1.509,5,9:04,9:00,0,0.75,0,1,31-May
1,1,0.81,5,9:04,9:00,0,0.75,0,1,31-May
1,3,1.653,5,9:04,9:00,0,0.75,0,1,31-May
1,1,2.123,5,9:04,9:00,0,0.75,0,1,31-May
2,2,1.253,5,9:04,9:00,0,0.75,0,1,31-May
1,5,1.683,5,9:04,9:00,0,0.75,0,1,31-May
1,2,2.32,5,9:04,9:00,0,0.75,0,1,31-May
1,1,1.322,5,9:04,9:00,0,0.75,0,1,31-May
1,3,2.571,5,9:04,9:00,0,0.75,0,1,31-May
1,5,1.84,5,9:04,9:00,0,0.75,0,1,31-May
4,2,1.178,5,9:04,9:00,0,0.75,0,1,31-May
1,3,1.705,5,9:04,9:00,0,0.75,0,1,31-May
1,3,1.928,5,9:04,9:00,0,0.75,0,1,31-May
1,3,2.258,5,9:04,9:00,0,0.75,0,1,31-May
1,6,1.992,5,9:04,9:00,0,0.75,0,1,31-May
1,1,1.422,5,9:04,9:00,0,0.75,0,1,31-May
1,1,1.829,5,9:04,9:00,0,0.75,0,1,31-May
2,4,1.593,5,9:04,9:00,0,0.75,0,1,31-May
5,6,0.793,5,9:04,9:00,0,0.75,0,1,31-May
1,2,1.385,5,9:04,9:00,0,0.75,0,1,31-May
1,9,1.69,5,9:04,9:00,0,0.75,0,1,31-May
2,4,1.469,5,9:04,9:00,0,0.75,0,1,31-May
1,1,1.747,5,9:04,9:00,0,0.75,0,1,31-May
1,3,1.256,5,9:04,9:00,0,0.75,0,1,31-May
1,3,1.671,5,9:04,9:00,0,0.75,0,1,31-May
4,2,1.189,5,9:04,9:00,0,0.75,0,1,31-May
1,1,0.753,5,9:04,9:00,0,0.75,0,1,31-May
2,4,0.936,5,9:04,9:00,0,0.75,0,1,31-May
1,1,1.463,5,9:04,9:00,0,0.75,0,1,31-May
1,4,1.319,5,9:04,9:00,0,0.75,0,1,31-May
4,2,1.134,5,9:04,9:00,0,0.75,0,1,31-May
1,5,2.006,5,9:04,9:00,0,0.75,0,1,31-May
1,2,1.642,5,9:04,9:00,0,0.75,0,1,31-May
1,5,1.774,5,9:04,9:00,0,0.75,0,1,31-May
1,2,1.482,5,9:04,9:00,0,0.75,0,1,31-May
1,4,1.969,5,9:16,9:00,1,0.75,0,1,31-May
1,2,1.712,5,9:16,9:00,1,0.75,0,1,31-May
1,5,1.655,5,9:16,9:00,1,0.75,0,1,31-May
1,4,0.913,5,9:16,9:00,1,0.75,0,1,31-May
1,4,1.194,5,9:16,9:00,1,0.75,0,1,31-May
1,2,0.989,5,9:16,9:00,1,0.75,0,1,31-May
2,1,1.42,5,9:16,9:00,1,0.75,0,1,31-May
1,1,1.232,5,9:16,9:00,1,0.75,0,1,31-May
1,3,1.241,5,9:16,9:00,1,0.75,0,1,31-May
2,4,1.295,5,9:16,9:00,1,0.75,0,1,31-May
1,3,1.322,5,9:16,9:00,1,0.75,0,1,31-May
1,3,1.314,5,9:16,9:00,1,0.75,0,1,31-May
1,2,1.205,5,9:16,9:00,1,0.75,0,1,31-May
1,5,1.347,5,9:16,9:00,1,0.75,0,1,31-May
5,1,1.118,5,9:16,9:00,1,0.75,0,1,31-May
1,9,1.557,5,9:16,9:00,1,0.75,0,1,31-May
5,4,1.263,5,9:16,9:00,1,0.75,0,1,31-May
2,1,1.636,5,9:16,9:00,1,0.75,0,1,31-May
1,5,1.89,5,9:16,9:00,1,0.75,0,1,31-May
1,1,1.941,5,9:16,9:00,1,0.75,0,1,31-May
1,3,1.699,5,9:16,9:00,1,0.75,0,1,31-May
1,2,1.351,5,9:16,9:00,1,0.75,0,1,31-May
3,1,2.204,5,9:16,9:00,1,0.75,0,1,31-May
3,3,1.472,5,9:16,9:00,1,0.75,0,1,31-May
1,5,1.605,5,9:16,9:00,1,0.75,0,1,31-May
3,4,1.482,5,9:16,9:00,1,0.75,0,1,31-May
1,5,2.096,5,9:16,9:00,1,0.75,0,1,31-May
5,4,1.971,5,9:16,9:00,1,0.75,0,1,31-May
1,4,1.347,5,9:16,9:00,1,0.75,0,1,31-May
1,4,1.918,5,9:16,9:00,1,0.75,0,1,31-May
1,3,1.688,5,9:16,9:00,1,0.75,0,1,31-May
1,3,1.268,5,9:16,9:00,1,0.75,0,1,31-May
1,3,1.925,5,9:16,9:00,1,0.75,0,1,31-May
5,99,1.546,5,9:16,9:00,1,0.75,0,1,31-May
2,4,1.771,5,9:16,9:00,1,0.75,0,1,31-May
2,4,1.186,5,9:16,9:00,1,0.75,0,1,31-May
1,4,1.334,5,9:16,9:00,1,0.75,0,1,31-May
5,4,1.065,5,9:16,9:00,1,0.75,0,1,31-May
1,1,1.157,5,9:16,9:00,1,0.75,0,1,31-May
5,4,1.197,5,9:16,9:00,1,0.75,0,1,31-May
1,3,1.061,5,9:16,9:00,1,0.75,0,1,31-May
1,2,1.834,5,9:16,9:00,1,0.75,0,1,31-May
3,1,1.524,5,9:16,9:00,1,0.75,0,1,31-May
1,3,1.714,5,9:16,9:00,1,0.75,0,1,31-May
1,3,1.776,5,10:14,10:00,1,0.75,0,1,31-May
1,5,1.417,5,10:14,10:00,1,0.75,0,1,31-May
1,2,1.74,5,10:14,10:00,1,0.75,0,1,31-May
1,1,1.758,5,10:14,10:00,1,0.75,0,1,31-May
1,2,1.992,5,10:14,10:00,1,0.75,0,1,31-May
1,1,1.603,5,10:14,10:00,1,0.75,0,1,31-May
1,3,1.011,5,10:14,10:00,1,0.75,0,1,31-May
1,1,1.217,5,10:14,10:00,1,0.75,0,1,31-May
1,3,1.478,5,10:14,10:00,1,0.75,0,1,31-May
3,3,1.502,5,10:14,10:00,1,0.75,0,1,31-May
1,4,1.512,5,10:14,10:00,1,0.75,0,1,31-May
1,2,0.808,5,10:14,10:00,1,0.75,0,1,31-May
1,1,1.441,5,10:14,10:00,1,0.75,0,1,31-May
1,1,1.687,5,10:14,10:00,1,0.75,0,1,31-May
1,1,1.612,5,10:14,10:00,1,0.75,0,1,31-May
1,5,1.786,5,10:14,10:00,1,0.75,0,1,31-May
1,3,2.386,5,10:14,10:00,1,0.75,0,1,31-May
5,6,1.487,5,10:14,10:00,1,0.75,0,1,31-May
1,1,1.796,5,10:14,10:00,1,0.75,0,1,31-May
1,4,1.406,5,10:14,10:00,1,0.75,0,1,31-May
4,2,1.254,5,10:14,10:00,1,0.75,0,1,31-May
5,4,2.038,5,10:14,10:00,1,0.75,0,1,31-May
1,1,1.815,5,10:14,10:00,1,0.75,0,1,31-May
1,1,1.576,5,10:14,10:00,1,0.75,0,1,31-May
1,9,1.495,5,10:14,10:00,1,0.75,0,1,31-May
1,3,1.73,5,10:14,10:00,1,0.75,0,1,31-May
1,1,1.307,5,10:14,10:00,1,0.75,0,1,31-May
5,4,1.625,5,10:14,10:00,1,0.75,0,1,31-May
7,2,1.355,5,10:14,10:00,1,0.75,0,1,31-May
1,2,1.713,5,10:14,10:00,1,0.75,0,1,31-May
1,1,1.231,5,10:14,10:00,1,0.75,0,1,31-May
1,3,2.119,5,10:14,10:00,1,0.75,0,1,31-May
1,2,1.972,5,10:14,10:00,1,0.75,0,1,31-May
6,3,1.181,5,10:14,10:00,1,0.75,0,1,31-May
1,6,0.527,5,10:14,10:00,1,0.75,0,1,31-May
3,1,1.018,5,10:14,10:00,1,0.75,0,1,31-May
1,2,1.252,5,10:14,10:00,1,0.75,0,1,31-May
1,1,1.234,5,10:14,10:00,1,0.75,0,1,31-May
1,2,1.243,5,10:14,10:00,1,0.75,0,1,31-May
2,4,1.01,5,10:14,10:00,1,0.75,0,1,31-May
1,1,1.404,5,10:14,10:00,1,0.75,0,1,31-May
1,1,1.393,5,10:14,10:00,1,0.75,0,1,31-May
2,4,1.529,5,10:14,10:00,1,0.75,0,1,31-May
1,1,1.806,5,10:14,10:00,1,0.75,0,1,31-May
2,3,1.326,5,10:14,10:00,1,0.75,0,1,31-May
1,3,1.663,5,10:14,10:00,1,0.75,0,1,31-May
3,1,1.584,5,10:14,10:00,1,0.75,0,1,31-May
1,6,1.92,5,10:22,10:00,1,0.75,0,1,31-May
1,5,1.991,5,10:22,10:00,1,0.75,0,1,31-May
1,6,0.901,5,10:22,10:00,1,0.75,0,1,31-May
1,3,1.521,5,10:22,10:00,1,0.75,0,1,31-May
1,2,1.263,5,10:22,10:00,1,0.75,0,1,31-May
1,1,1.629,5,10:22,10:00,1,0.75,0,1,31-May
1,4,1.765,5,10:22,10:00,1,0.75,0,1,31-May
1,1,1.239,5,10:22,10:00,1,0.75,0,1,31-May
1,9,1.334,5,10:22,10:00,1,0.75,0,1,31-May
1,1,1.559,5,10:22,10:00,1,0.75,0,1,31-May
1,1,1.771,5,10:22,10:00,1,0.75,0,1,31-May
1,5,1.095,5,10:22,10:00,1,0.75,0,1,31-May
1,5,1.369,5,10:22,10:00,1,0.75,0,1,31-May
2,4,1.2,5,10:22,10:00,1,0.75,0,1,31-May
1,5,1.552,5,10:22,10:00,1,0.75,0,1,31-May
1,3,1.288,5,10:22,10:00,1,0.75,0,1,31-May
1,3,1.699,5,10:22,10:00,1,0.75,0,1,31-May
1,1,1.688,5,10:22,10:00,1,0.75,0,1,31-May
1,3,1.377,5,10:22,10:00,1,0.75,0,1,31-May
3,2,1.312,5,10:22,10:00,1,0.75,0,1,31-May
3,3,1.704,5,10:22,10:00,1,0.75,0,1,31-May
1,3,1.132,5,10:22,10:00,1,0.75,0,1,31-May
2,4,0.971,5,10:39,10:00,0,0.75,0,1,31-May
1,1,1.479,5,10:39,10:00,0,0.75,0,1,31-May
1,1,1.424,5,10:39,10:00,0,0.75,0,1,31-May
1,6,1.564,5,10:39,10:00,0,0.75,0,1,31-May
1,1,1.733,5,10:39,10:00,0,0.75,0,1,31-May
1,2,1.985,5,10:39,10:00,0,0.75,0,1,31-May
1,1,1.957,5,10:39,10:00,0,0.75,0,1,31-May
1,2,1.337,5,10:39,10:00,0,0.75,0,1,31-May
5,9,1.213,5,10:39,10:00,0,0.75,0,1,31-May
1,1,1.573,5,10:39,10:00,0,0.75,0,1,31-May
1,9,1.537,5,10:39,10:00,0,0.75,0,1,31-May
2,4,1.679,5,10:39,10:00,0,0.75,0,1,31-May
1,1,1.734,5,10:39,10:00,0,0.75,0,1,31-May
1,4,1.673,5,10:39,10:00,0,0.75,0,1,31-May
1,2,2.22,5,10:39,10:00,0,0.75,0,1,31-May
1,5,1.648,5,10:39,10:00,0,0.75,0,1,31-May
2,1,1.493,5,10:39,10:00,0,0.75,0,1,31-May
1,1,1.229,5,10:39,10:00,0,0.75,0,1,31-May
2,4,1.502,5,10:39,10:00,0,0.75,0,1,31-May
5,4,1.563,5,10:39,10:00,0,0.75,0,1,31-May
3,5,1.194,5,10:39,10:00,0,0.75,0,1,31-May
1,5,2.264,5,10:39,10:00,0,0.75,0,1,31-May
1,1,1.36,5,10:39,10:00,0,0.75,0,1,31-May
1,1,1.283,5,10:39,10:00,0,0.75,0,1,31-May
1,1,1.704,5,10:39,10:00,0,0.75,0,1,31-May
1,3,2.004,5,10:39,10:00,0,0.75,0,1,31-May
3,3,1.516,5,10:39,10:00,0,0.75,0,1,31-May
1,3,1.653,5,10:39,10:00,0,0.75,0,1,31-May
2,4,1.464,5,10:39,10:00,0,0.75,0,1,31-May
1,3,1.116,5,10:39,10:00,0,0.75,0,1,31-May
1,5,1.358,5,10:39,10:00,0,0.75,0,1,31-May
5,2,0.996,5,10:39,10:00,0,0.75,0,1,31-May
1,6,1.77,5,10:39,10:00,0,0.75,0,1,31-May
1,1,1.345,5,10:39,10:00,0,0.75,0,1,31-May
1,3,1.407,5,10:39,10:00,0,0.75,0,1,31-May
1,1,1.429,5,10:39,10:00,0,0.75,0,1,31-May
1,1,2.068,5,10:39,10:00,0,0.75,0,1,31-May
3,2,1.893,5,10:39,10:00,0,0.75,0,1,31-May
3,1,1.735,5,10:39,10:00,0,0.75,0,1,31-May
1,3,1.575,5,10:39,10:00,0,0.75,0,1,31-May
1,3,1.335,5,10:39,10:00,0,0.75,0,1,31-May
2,4,1.019,5,10:39,10:00,0,0.75,0,1,31-May
1,1,1.077,5,10:39,10:00,0,0.75,0,1,31-May
1,1,1.472,5,10:39,10:00,0,0.75,0,1,31-May
2,1,1.205,5,10:39,10:00,0,0.75,0,1,31-May
1,4,1.534,5,10:39,10:00,0,0.75,0,1,31-May
1,3,2.266,5,10:39,10:00,0,0.75,0,1,31-May
1,3,1.374,5,10:39,10:00,0,0.75,0,1,31-May
2,4,0.99,5,10:39,10:00,0,0.75,0,1,31-May
1,6,2.198,5,10:39,10:00,0,0.75,0,1,31-May
1,2,1.551,5,10:39,10:00,0,0.75,0,1,31-May
1,5,1.46,5,10:39,10:00,0,0.75,0,1,31-May
1,1,2.701,5,10:39,10:00,0,0.75,0,1,31-May
1,2,1.693,5,10:39,10:00,0,0.75,0,1,31-May
2,4,1.687,4,10:39,10:00,0,0.75,0,1,31-May
1,3,1.574,5,10:53,10:00,1,0.5,0,1,31-May
1,3,1.581,5,10:53,10:00,1,0.5,0,1,31-May
1,3,1.819,5,10:53,10:00,1,0.5,0,1,31-May
3,3,2.404,5,10:53,10:00,1,0.5,0,1,31-May
1,3,2.105,5,10:53,10:00,1,0.5,0,1,31-May
1,1,1.771,5,10:53,10:00,1,0.5,0,1,31-May
1,3,1.91,5,10:53,10:00,1,0.5,0,1,31-May
1,1,1.441,5,10:53,10:00,1,0.5,0,1,31-May
2,9,1.643,5,10:53,10:00,1,0.5,0,1,31-May
6,4,1.129,5,10:53,10:00,1,0.5,0,1,31-May
1,6,1.207,5,10:53,10:00,1,0.5,0,1,31-May
1,1,1.607,5,10:53,10:00,1,0.5,0,1,31-May
1,6,1.678,5,10:53,10:00,1,0.5,0,1,31-May
5,4,1.377,5,10:53,10:00,1,0.5,0,1,31-May
1,1,1.213,5,10:53,10:00,1,0.5,0,1,31-May
5,4,1.02,5,10:53,10:00,1,0.5,0,1,31-May
1,1,1.74,5,10:53,10:00,1,0.5,0,1,31-May
1,2,1.494,5,10:53,10:00,1,0.5,0,1,31-May
2,4,1.594,5,10:53,10:00,1,0.5,0,1,31-May
1,5,2.253,5,10:53,10:00,1,0.5,0,1,31-May
1,1,1.75,5,10:53,10:00,1,0.5,0,1,31-May
1,1,1.854,5,10:53,10:00,1,0.5,0,1,31-May
1,5,1.769,5,10:53,10:00,1,0.5,0,1,31-May
1,4,1.618,5,10:53,10:00,1,0.5,0,1,31-May
1,6,1.506,5,10:53,10:00,1,0.5,0,1,31-May
1,1,1.24,5,10:53,10:00,1,0.5,0,1,31-May
1,9,1.538,5,10:53,10:00,1,0.5,0,1,31-May
2,6,1.158,5,10:53,10:00,1,0.5,0,1,31-May
1,1,1.111,5,10:53,10:00,1,0.5,0,1,31-May
1,3,1.557,5,10:53,10:00,1,0.5,0,1,31-May
1,1,1.067,5,10:53,10:00,1,0.5,0,1,31-May
5,2,1.517,5,10:53,10:00,1,0.5,0,1,31-May
1,3,1.388,5,10:53,10:00,1,0.5,0,1,31-May
1,5,1.44,5,10:53,10:00,1,0.5,0,1,31-May
1,1,1.591,5,10:53,10:00,1,0.5,0,1,31-May
1,2,2.322,5,10:53,10:00,1,0.5,0,1,31-May
1,1,1.55,5,10:53,10:00,1,0.5,0,1,31-May
1,2,1.706,5,10:53,10:00,1,0.5,0,1,31-May
1,2,2.322,4,11:08,11:00,0,0.5,0,1,31-May
4,2,1.699,4,11:08,11:00,0,0.5,0,1,31-May
1,4,1.593,5,11:08,11:00,0,0.5,0,1,31-May
1,2,2.493,5,11:08,11:00,0,0.5,0,1,31-May
2,4,1.519,5,11:08,11:00,0,0.5,0,1,31-May
1,4,1.419,5,11:08,11:00,0,0.5,0,1,31-May
1,4,2.12,5,11:08,11:00,0,0.5,0,1,31-May
5,4,1.046,5,11:08,11:00,0,0.5,0,1,31-May
1,2,1.683,5,11:08,11:00,0,0.5,0,1,31-May
3,2,1.681,5,11:08,11:00,0,0.5,0,1,31-May
1,1,1.441,5,11:08,11:00,0,0.5,0,1,31-May
5,2,1.765,5,11:08,11:00,0,0.5,0,1,31-May
1,2,2.183,5,11:08,11:00,0,0.5,0,1,31-May
1,1,1.357,5,11:08,11:00,0,0.5,0,1,31-May
1,2,1.798,5,11:08,11:00,0,0.5,0,1,31-May
1,6,1.633,5,11:08,11:00,0,0.5,0,1,31-May
1,2,2.155,5,11:08,11:00,0,0.5,0,1,31-May
1,3,1.671,5,11:08,11:00,0,0.5,0,1,31-May
1,3,1.633,5,11:08,11:00,0,0.5,0,1,31-May
1,2,1.826,5,11:08,11:00,0,0.5,0,1,31-May
1,1,1.435,5,11:08,11:00,0,0.5,0,1,31-May
2,2,1.432,5,11:08,11:00,0,0.5,0,1,31-May
1,2,1.011,5,11:08,11:00,0,0.5,0,1,31-May
4,2,1.499,5,11:08,11:00,0,0.5,0,1,31-May
3,5,2.912,5,11:08,11:00,0,0.5,0,1,31-May
1,3,1.523,5,11:08,11:00,0,0.5,0,1,31-May
3,6,2.249,5,11:08,11:00,0,0.5,0,1,31-May
1,1,1.592,5,11:08,11:00,0,0.5,0,1,31-May
1,3,1.84,5,11:08,11:00,0,0.5,0,1,31-May
1,2,1.749,5,11:08,11:00,0,0.5,0,1,31-May
2,1,1.415,5,11:08,11:00,0,0.5,0,1,31-May
1,5,1.223,5,11:08,11:00,0,0.5,0,1,31-May
1,1,1.534,5,11:08,11:00,0,0.5,0,1,31-May
2,3,1.817,5,11:29,11:00,0,1,0,1,31-May
1,3,1.406,5,11:29,11:00,0,1,0,1,31-May
6,3,1.629,5,11:29,11:00,0,1,0,1,31-May
5,9,1.629,5,11:29,11:00,0,1,0,1,31-May
1,3,1.061,5,11:29,11:00,0,1,0,1,31-May
1,3,1.162,5,11:29,11:00,0,1,0,1,31-May
1,3,1.237,5,11:29,11:00,0,1,0,1,31-May
1,4,1.387,5,11:29,11:00,0,1,0,1,31-May
1,3,1.283,5,11:29,11:00,0,1,0,1,31-May
1,2,1.247,5,11:29,11:00,0,1,0,1,31-May
1,1,1.355,5,11:29,11:00,0,1,0,1,31-May
1,1,1.043,5,11:29,11:00,0,1,0,1,31-May
1,2,1.638,5,11:29,11:00,0,1,0,1,31-May
5,4,1.487,5,11:29,11:00,0,1,0,1,31-May
7,5,1.408,5,11:29,11:00,0,1,0,1,31-May
3,5,1.137,5,11:29,11:00,0,1,0,1,31-May
1,1,1.064,5,11:29,11:00,0,1,0,1,31-May
2,4,1.542,5,11:29,11:00,0,1,0,1,31-May
2,4,1.852,5,11:29,11:00,0,1,0,1,31-May
5,4,1.09,5,11:29,11:00,0,1,0,1,31-May
2,4,1.959,5,11:29,11:00,0,1,0,1,31-May
2,4,1.212,5,11:29,11:00,0,1,0,1,31-May
1,3,1.409,5,11:29,11:00,0,1,0,1,31-May
4,4,1.202,5,11:29,11:00,0,1,0,1,31-May
1,1,1.805,5,11:29,11:00,0,1,0,1,31-May
1,4,2.028,5,11:29,11:00,0,1,0,1,31-May
1,1,1.789,5,11:29,11:00,0,1,0,1,31-May
1,1,0.922,5,11:29,11:00,0,1,0,1,31-May
1,3,1.058,5,11:29,11:00,0,1,0,1,31-May
1,3,1.342,5,11:29,11:00,0,1,0,1,31-May
2,4,1.566,5,11:29,11:00,0,1,0,1,31-May
1,5,1.627,5,11:29,11:00,0,1,0,1,31-May
1,5,1.934,5,11:29,11:00,0,1,0,1,31-May
2,4,1.407,5,11:29,11:00,0,1,0,1,31-May
1,3,1.314,5,11:29,11:00,0,1,0,1,31-May
3,5,1.255,5,11:29,11:00,0,1,0,1,31-May
1,3,1.615,5,11:29,11:00,0,1,0,1,31-May
1,3,1.305,5,11:29,11:00,0,1,0,1,31-May
1,1,1.457,5,11:29,11:00,0,1,0,1,31-May
1,6,1.947,5,11:29,11:00,0,1,0,1,31-May
2,2,2.065,5,11:29,11:00,0,1,0,1,31-May
1,1,1.237,5,11:29,11:00,0,1,0,1,31-May
3,1,1.479,5,11:29,11:00,0,1,0,1,31-May
3,1,1.249,5,11:29,11:00,0,1,0,1,31-May
1,3,1.323,5,11:29,11:00,0,1,0,1,31-May
1,3,1.985,5,11:29,11:00,0,1,0,1,31-May
1,3,1.994,5,11:29,11:00,0,1,0,1,31-May
1,2,1.405,5,11:29,11:00,0,1,0,1,31-May
2,4,1.497,5,11:29,11:00,0,1,0,1,31-May
2,4,1.587,5,11:29,11:00,0,1,0,1,31-May
2,4,1.46,5,11:29,11:00,0,1,0,1,31-May
1,2,1.987,5,11:29,11:00,0,1,0,1,31-May
1,6,1.436,5,11:29,11:00,0,1,0,1,31-May
3,1,1.539,5,11:29,11:00,0,1,0,1,31-May
1,5,1.933,5,11:29,11:00,0,1,0,1,31-May
2,1,1.53,5,11:29,11:00,0,1,0,1,31-May
1,6,1.081,5,11:29,11:00,0,1,0,1,31-May
1,3,0.959,4,11:29,11:00,0,1,0,1,31-May
1,5,1.112,3,11:29,11:00,0,1,0,1,31-May
1,5,1.24,3,12:13,12:00,0,0.5,0,2,5-Jun
1,1,2.037,3,12:13,12:00,0,0.5,0,2,5-Jun
2,4,1.51,3,12:13,12:00,0,0.5,0,2,5-Jun
1,1,2.547,3,12:13,12:00,0,0.5,0,2,5-Jun
1,3,1.904,3,12:13,12:00,0,0.5,0,2,5-Jun
2,3,2.234,3,12:13,12:00,0,0.5,0,2,5-Jun
2,2,1.706,3,12:13,12:00,0,0.5,0,2,5-Jun
1,1,1.734,3,12:13,12:00,0,0.5,0,2,5-Jun
1,5,1.863,3,12:13,12:00,0,0.5,0,2,5-Jun
1,4,1.591,3,12:13,12:00,0,0.5,0,2,5-Jun
1,2,1.833,3,12:13,12:00,0,0.5,0,2,5-Jun
1,1,1.454,1,12:13,12:00,0,0.5,0,2,5-Jun
1,1,1.635,3,12:13,12:00,0,0.5,0,2,5-Jun
1,4,2.147,3,12:13,12:00,0,0.5,0,2,5-Jun
3,5,1.53,3,12:13,12:00,0,0.5,0,2,5-Jun
1,1,1.608,3,12:13,12:00,0,0.5,0,2,5-Jun
1,1,1.935,3,12:13,12:00,0,0.5,0,2,5-Jun
2,3,1.202,3,12:13,12:00,0,0.5,0,2,5-Jun
1,3,1.045,3,12:13,12:00,0,0.5,0,2,5-Jun
1,2,1.81,3,12:13,12:00,0,0.5,0,2,5-Jun
1,1,1.476,3,12:37,12:00,0,0.5,1,2,5-Jun
1,1,1.488,3,12:37,12:00,0,0.5,1,2,5-Jun
1,1,2.21,3,12:37,12:00,0,0.5,1,2,5-Jun
1,2,1.429,3,12:37,12:00,0,0.5,1,2,5-Jun
1,3,1.219,3,12:37,12:00,0,0.5,0,2,5-Jun
1,1,2.507,3,12:37,12:00,0,0.5,0,2,5-Jun
1,1,1.527,3,12:37,12:00,0,0.5,0,2,5-Jun
1,6,1.804,3,12:37,12:00,0,0.5,0,2,5-Jun
1,6,1.818,3,12:37,12:00,0,0.5,0,2,5-Jun
7,3,1.571,3,12:37,12:00,0,0.5,0,2,5-Jun
1,1,1.481,3,12:37,12:00,0,0.5,0,2,5-Jun
7,9,1.712,3,12:37,12:00,0,0.5,0,2,5-Jun
1,1,1.538,3,12:37,12:00,0,0.5,0,2,5-Jun
1,3,1.166,3,12:37,12:00,0,0.5,0,2,5-Jun
1,3,0.7,3,12:37,12:00,0,0.5,0,2,5-Jun
1,3,2.317,3,12:37,12:00,0,0.5,0,2,5-Jun
1,2,2.265,3,12:37,12:00,0,0.5,0,2,5-Jun
1,1,1.803,3,12:37,12:00,0,0.5,1,2,5-Jun
3,5,1.35,3,12:37,12:00,0,0.5,1,2,5-Jun
4,4,1.274,3,12:37,12:00,0,0.5,1,2,5-Jun
2,4,1.56,3,12:37,12:00,0,0.5,1,2,5-Jun
7,6,2.175,3,12:37,12:00,0,0.5,1,2,5-Jun
1,2,1.749,3,12:37,12:00,0,0.5,1,2,5-Jun
1,6,1.815,3,12:37,12:00,0,0.5,1,2,5-Jun
2,3,1.305,3,12:37,12:00,0,0.5,1,2,5-Jun
2,4,1.527,3,12:37,12:00,0,0.5,1,2,5-Jun
2,3,1.487,3,12:37,12:00,0,0.5,1,2,5-Jun
2,4,1.909,3,12:37,12:00,0,0.5,1,2,5-Jun
2,3,1.94,3,12:37,12:00,0,0.5,1,2,5-Jun
1,6,1.634,3,12:37,12:00,0,0.5,1,2,5-Jun
2,2,1.291,3,12:37,12:00,0,0.5,0,2,5-Jun
1,5,1.96,3,12:37,12:00,0,0.5,0,2,5-Jun
4,1,1.08,3,12:37,12:00,0,0.5,0,2,5-Jun
4,1,0.852,3,12:37,12:00,0,0.5,1,2,5-Jun
1,3,1.565,3,12:37,12:00,0,0.5,1,2,5-Jun
1,1,0.871,3,12:37,12:00,0,0.5,0,2,5-Jun
1,2,1.736,3,12:37,12:00,0,0.5,0,2,5-Jun
2,1,2.017,3,12:37,12:00,0,0.5,0,2,5-Jun
1,5,3.489,3,12:37,12:00,0,0.5,0,2,5-Jun
6,3,2.885,3,12:37,12:00,0,0.5,0,2,5-Jun
1,2,2.111,3,12:37,12:00,0,0.5,0,2,5-Jun
1,5,1.686,3,12:37,12:00,0,0.5,0,2,5-Jun
1,6,1.337,3,12:37,12:00,0,0.5,0,2,5-Jun
1,6,0.944,3,12:37,12:00,0,0.5,0,2,5-Jun
2,4,1.841,3,12:37,12:00,0,0.5,0,2,5-Jun
1,3,1.93,3,12:37,12:00,0,0.5,0,2,5-Jun
1,5,1.103,3,12:37,12:00,0,0.5,0,2,5-Jun
2,4,1.282,3,12:37,12:00,0,0.5,0,2,5-Jun
1,3,2.221,3,12:54,12:00,1,0.5,0,2,5-Jun
6,3,1.763,5,12:54,12:00,1,0.5,0,2,5-Jun
2,5,1.409,3,12:54,12:00,1,0.5,0,2,5-Jun
1,9,1.611,3,12:54,12:00,1,0.5,0,2,5-Jun
1,6,1.686,3,12:54,12:00,1,0.5,0,2,5-Jun
1,1,1.454,3,12:54,12:00,1,0.5,0,2,5-Jun
5,4,1.715,3,12:54,12:00,1,0.5,0,2,5-Jun
2,4,1.316,3,12:54,12:00,1,0.5,0,2,5-Jun
1,3,1.412,3,12:54,12:00,1,0.5,0,2,5-Jun
1,2,1.125,3,12:54,12:00,1,0.5,0,2,5-Jun
1,2,1.068,3,12:54,12:00,1,0.5,0,2,5-Jun
1,1,1.652,3,12:54,12:00,1,0.5,0,2,5-Jun
1,3,1.841,3,12:54,12:00,1,0.5,0,2,5-Jun
1,3,1.885,3,12:54,12:00,1,0.5,0,2,5-Jun
1,2,1.948,3,12:54,12:00,1,0.5,0,2,5-Jun
1,6,1.316,3,12:54,12:00,1,0.5,0,2,5-Jun
2,4,1.646,3,12:54,12:00,1,0.5,0,2,5-Jun
1,1,1.228,3,12:54,12:00,1,0.5,0,2,5-Jun
1,5,2.503,3,13:42,13:00,1,0.5,1,2,5-Jun
1,3,1.949,3,13:42,13:00,1,0.5,1,2,5-Jun
6,3,0.95,3,13:42,13:00,1,0.5,0,2,5-Jun
1,3,1.437,3,13:42,13:00,1,0.5,0,2,5-Jun
4,2,1.424,5,13:42,13:00,1,0.5,0,2,5-Jun
1,3,1.299,5,13:42,13:00,1,0.5,0,2,5-Jun
4,4,1.674,5,13:42,13:00,1,0.5,0,2,5-Jun
6,2,2.463,5,13:42,13:00,1,0.5,0,2,5-Jun
6,3,1.771,5,13:42,13:00,1,0.5,0,2,5-Jun
3,2,1.817,5,13:42,13:00,1,0.5,0,2,5-Jun
4,6,0.51,3,13:42,13:00,1,0.5,0,2,5-Jun
2,1,1.252,3,13:42,13:00,1,0.5,0,2,5-Jun
4,1,1.934,1,13:42,13:00,1,0.5,0,2,5-Jun
1,5,0.883,3,13:42,13:00,1,0.5,0,2,5-Jun
1,3,0.891,3,13:42,13:00,1,0.5,0,2,5-Jun
1,5,1.154,3,13:42,13:00,1,0.5,0,2,5-Jun
1,9,1.749,3,13:42,13:00,1,0.5,1,2,5-Jun
5,1,1.381,3,13:42,13:00,1,0.5,0,2,5-Jun
1,1,0.825,3,13:42,13:00,1,0.5,0,2,5-Jun
1,2,1.445,3,13:42,13:00,1,0.5,1,2,5-Jun
4,4,1.582,3,13:42,13:00,1,0.5,0,2,5-Jun
1,5,1.69,3,13:42,13:00,1,0.5,0,2,5-Jun
1,5,1.455,3,13:42,13:00,1,0.5,0,2,5-Jun
1,1,1.901,3,14:05,13:00,0,0.25,0,2,5-Jun
1,5,1.29,3,14:05,13:00,0,0.25,0,2,5-Jun
1,5,1.538,3,14:05,13:00,0,0.25,0,2,5-Jun
1,3,1.677,3,14:05,13:00,0,0.25,0,2,5-Jun
3,2,1.745,3,14:05,13:00,0,0.25,0,2,5-Jun
1,6,1.629,3,14:05,13:00,0,0.25,0,2,5-Jun
1,1,1.503,3,14:05,13:00,0,0.25,0,2,5-Jun
1,2,1.412,3,14:05,13:00,0,0.25,0,2,5-Jun
1,3,1.115,3,14:05,13:00,0,0.25,0,2,5-Jun
1,1,1.46,3,14:05,13:00,0,0.25,0,2,5-Jun
1,2,1.651,3,14:05,13:00,0,0.25,0,2,5-Jun
2,4,1.979,3,14:05,13:00,0,0.25,0,2,5-Jun
1,3,1.767,3,14:05,13:00,0,0.25,0,2,5-Jun
2,4,1.549,3,14:05,13:00,0,0.25,0,2,5-Jun
1,3,2.055,3,14:05,13:00,0,0.25,0,2,5-Jun
6,3,2.364,3,14:05,13:00,0,0.25,0,2,5-Jun
4,4,1.852,3,14:05,13:00,0,0.25,0,2,5-Jun
1,5,1.774,3,14:05,13:00,0,0.25,0,2,5-Jun
1,1,1.803,3,14:05,13:00,0,0.25,0,2,5-Jun
1,2,1.184,3,14:05,13:00,0,0.25,0,2,5-Jun
1,5,1.267,3,14:05,13:00,0,0.25,0,2,5-Jun
1,2,1.582,3,14:05,13:00,0,0.25,0,2,5-Jun
3,3,1.893,3,14:05,13:00,0,0.25,0,2,5-Jun
2,4,1.963,3,14:05,13:00,0,0.25,0,2,5-Jun
1,3,2.184,3,14:05,13:00,0,0.25,0,2,5-Jun
2,4,1.323,3,14:05,13:00,0,0.25,0,2,5-Jun
6,5,1.477,3,14:05,13:00,0,0.25,0,2,5-Jun
1,6,3.571,3,14:05,13:00,0,0.25,0,2,5-Jun
1,5,1.616,3,14:05,13:00,0,0.25,0,2,5-Jun
1,2,1.366,3,14:05,13:00,0,0.25,0,2,5-Jun
1,3,1.829,3,14:05,13:00,0,0.25,0,2,5-Jun
1,4,1.174,3,14:05,13:00,0,0.25,0,2,5-Jun
1,1,0.959,3,14:05,13:00,0,0.25,0,2,5-Jun
1,4,1.638,3,14:05,14:00,0,0.25,0,2,5-Jun
1,3,0.934,3,14:05,14:00,0,0.25,0,2,5-Jun
1,1,0.778,3,14:05,14:00,0,0.25,0,2,5-Jun
1,3,1.795,3,14:05,14:00,0,0.25,0,2,5-Jun
1,1,1.643,3,14:05,14:00,0,0.25,0,2,5-Jun
1,3,1.535,3,14:05,14:00,0,0.25,0,2,5-Jun
2,4,1.782,3,14:05,14:00,0,0.25,0,2,5-Jun
1,6,2.822,3,14:05,14:00,0,0.25,0,2,5-Jun
1,1,2.207,3,14:05,14:00,0,0.25,0,2,5-Jun
1,3,2.094,3,14:05,14:00,0,0.25,0,2,5-Jun
1,2,1.167,3,14:05,14:00,0,0.25,0,2,5-Jun
1,3,1.289,3,14:05,14:00,0,0.25,0,2,5-Jun
2,3,1.896,3,14:05,14:00,0,0.25,0,2,5-Jun
1,4,1.726,3,14:05,14:00,0,0.25,0,2,5-Jun
1,2,1.119,3,14:05,14:00,0,0.25,0,2,5-Jun
1,3,2.229,3,14:05,14:00,0,0.25,0,2,5-Jun
1,2,1.329,3,14:05,14:00,0,0.25,0,2,5-Jun
3,5,1.176,3,14:05,14:00,0,0.25,0,2,5-Jun
5,4,1.207,3,14:22,14:00,1,0.25,0,2,5-Jun
5,1,2.062,3,14:22,14:00,1,0.25,0,2,5-Jun
1,2,1.152,3,14:22,14:00,1,0.25,0,2,5-Jun
1,2,1.699,3,14:22,14:00,1,0.25,0,2,5-Jun
1,3,2.082,3,14:22,14:00,1,0.25,0,2,5-Jun
2,2,1.265,3,14:22,14:00,1,0.25,0,2,5-Jun
1,1,1.503,3,14:22,14:00,1,0.25,0,2,5-Jun
1,1,1.038,3,14:22,14:00,1,0.25,0,2,5-Jun
1,3,1.57,3,14:22,14:00,1,0.25,1,2,5-Jun
1,3,1.45,3,14:22,14:00,1,0.25,1,2,5-Jun
1,5,1.756,3,14:22,14:00,1,0.25,1,2,5-Jun
2,4,1.764,3,14:22,14:00,1,0.25,0,2,5-Jun
7,1,1.76,3,14:22,14:00,1,0.25,0,2,5-Jun
1,1,1.945,3,14:22,14:00,1,0.25,0,2,5-Jun
1,3,1.343,3,14:22,14:00,1,0.25,0,2,5-Jun
2,4,1.462,3,14:22,14:00,1,0.25,0,2,5-Jun
2,4,0.978,3,14:22,14:00,1,0.25,0,2,5-Jun
1,1,1.645,3,14:22,14:00,1,0.25,0,2,5-Jun
3,2,1.619,3,14:22,14:00,1,0.25,0,2,5-Jun
1,1,1.475,3,14:22,14:00,1,0.25,0,2,5-Jun
1,1,1.329,3,14:22,14:00,1,0.25,0,2,5-Jun
1,1,1.678,3,14:22,14:00,1,0.25,0,2,5-Jun
1,5,1.904,3,14:22,14:00,1,0.25,0,2,5-Jun
1,3,1.223,3,14:22,14:00,1,0.25,0,2,5-Jun
1,3,0.768,3,14:22,14:00,1,0.25,0,2,5-Jun
1,3,1.413,3,14:33,14:00,1,0.5,0,2,5-Jun
1,1,1.279,3,14:33,14:00,1,0.5,0,2,5-Jun
2,4,1.265,3,14:33,14:00,1,0.5,0,2,5-Jun
2,4,1.507,3,14:33,14:00,1,0.5,0,2,5-Jun
1,1,1.714,3,14:33,14:00,1,0.5,0,2,5-Jun
1,3,2.744,3,14:33,14:00,1,0.5,0,2,5-Jun
2,4,1.769,3,14:33,14:00,1,0.5,0,2,5-Jun
1,5,1.66,3,14:33,14:00,1,0.5,0,2,5-Jun
1,6,1.586,3,14:33,14:00,1,0.5,0,2,5-Jun
1,5,1.42,3,14:33,14:00,1,0.5,0,2,5-Jun
6,5,0.74,3,14:33,14:00,1,0.5,0,2,5-Jun
7,5,1.596,3,14:33,14:00,1,0.5,0,2,5-Jun
1,6,1.522,3,14:33,14:00,1,0.5,0,2,5-Jun
5,2,0.981,3,14:33,14:00,1,0.5,0,2,5-Jun
3,1,2.28,3,14:33,14:00,1,0.5,0,2,5-Jun
1,3,1.627,3,14:33,14:00,1,0.5,1,2,5-Jun
2,4,1.078,3,14:33,14:00,1,0.5,0,2,5-Jun
3,1,0.904,3,14:33,14:00,1,0.5,0,2,5-Jun
2,1,1.095,3,14:33,14:00,1,0.5,0,2,5-Jun
1,5,1.83,3,14:33,14:00,1,0.5,0,2,5-Jun
1,1,1.296,3,14:33,14:00,1,0.5,0,2,5-Jun
1,2,1.887,3,14:33,14:00,1,0.5,0,2,5-Jun
2,4,1.805,3,14:33,14:00,1,0.5,0,2,5-Jun
2,4,1.257,3,14:33,14:00,1,0.5,0,2,5-Jun
3,1,1.554,3,14:33,14:00,1,0.5,0,2,5-Jun
1,6,2.094,3,14:33,14:00,1,0.5,0,2,5-Jun
1,3,1.264,3,14:33,14:00,1,0.5,0,2,5-Jun
1,1,1.82,3,14:53,14:00,1,0.75,0,2,5-Jun
1,3,1.29,3,14:53,14:00,1,0.75,0,2,5-Jun
1,5,1.418,3,14:53,14:00,1,0.75,0,2,5-Jun
2,4,1.31,3,14:53,14:00,1,0.75,0,2,5-Jun
1,1,1.475,3,14:53,14:00,1,0.75,0,2,5-Jun
1,2,1.629,3,14:53,14:00,1,0.75,0,2,5-Jun
1,1,1.53,3,14:53,14:00,1,0.75,0,2,5-Jun
2,2,1.293,3,14:53,14:00,1,0.75,0,2,5-Jun
2,6,2.094,3,14:53,14:00,1,0.75,0,2,5-Jun
3,2,1.366,3,14:53,14:00,1,0.75,0,2,5-Jun
2,4,1.327,3,14:53,14:00,1,0.75,0,2,5-Jun
1,1,1.679,3,14:53,14:00,1,0.75,0,2,5-Jun
5,4,1.827,3,14:53,14:00,1,0.75,0,2,5-Jun
1,5,0.901,3,14:53,14:00,1,0.75,0,2,5-Jun
1,3,0.95,3,14:53,14:00,1,0.75,0,2,5-Jun
1,5,1.559,3,14:53,14:00,1,0.75,0,2,5-Jun
1,4,0.735,3,14:53,14:00,1,0.75,0,2,5-Jun
2,4,1.107,3,14:53,14:00,1,0.75,0,2,5-Jun
2,4,0.493,3,15:02,14:00,0,0.75,0,2,5-Jun
1,1,1.319,3,15:02,14:00,0,0.75,0,2,5-Jun
1,2,2.493,3,15:02,14:00,0,0.75,0,2,5-Jun
1,3,1.578,3,15:02,14:00,0,0.75,0,2,5-Jun
1,1,1.553,3,15:02,14:00,0,0.75,0,2,5-Jun
1,6,0.872,3,15:02,14:00,0,0.75,0,2,5-Jun
1,5,1.702,3,15:02,14:00,0,0.75,0,2,5-Jun
1,1,1.785,3,15:02,14:00,0,0.75,0,2,5-Jun
1,5,1.178,3,15:18,15:00,1,0.75,0,2,5-Jun
1,2,1.077,3,15:18,15:00,1,0.75,0,2,5-Jun
1,3,1.538,3,15:18,15:00,1,0.75,0,2,5-Jun
1,1,1.971,3,15:18,15:00,1,0.75,0,2,5-Jun
1,4,1.673,3,15:18,15:00,1,0.75,0,2,5-Jun
1,6,1.516,3,15:18,15:00,1,0.75,0,2,5-Jun
1,1,1.194,3,15:18,15:00,1,0.75,0,2,5-Jun
7,1,1.385,3,15:18,15:00,1,0.75,0,2,5-Jun
3,1,1.48,3,15:18,15:00,1,0.75,0,2,5-Jun
2,4,1.383,3,15:18,15:00,1,0.75,0,2,5-Jun
1,5,1.376,3,15:18,15:00,1,0.75,0,2,5-Jun
1,3,1.104,3,15:18,15:00,1,0.75,0,2,5-Jun
1,1,1.141,3,15:18,15:00,1,0.75,0,2,5-Jun
1,4,1.871,3,15:18,15:00,1,0.75,0,2,5-Jun
1,2,1.163,3,15:18,15:00,1,0.75,0,2,5-Jun
1,9,1.294,3,15:18,15:00,1,0.75,0,2,5-Jun
1,3,1.076,3,15:18,15:00,1,0.75,0,2,5-Jun
1,3,2.108,3,15:18,15:00,1,0.75,0,2,5-Jun
1,5,1.323,3,15:18,15:00,1,0.75,0,2,5-Jun
1,3,1.572,3,15:18,15:00,1,0.75,0,2,5-Jun
1,3,1.922,3,15:18,15:00,1,0.75,0,2,5-Jun
3,5,1.205,3,15:18,15:00,1,0.75,0,2,5-Jun
1,3,1.311,3,15:18,15:00,1,0.75,0,2,5-Jun
1,1,1.436,3,15:18,15:00,1,0.75,0,2,5-Jun
1,2,2.123,3,15:18,15:00,1,0.75,0,2,5-Jun
1,2,1.618,3,15:18,15:00,1,0.75,0,2,5-Jun
2,2,0.697,3,15:18,15:00,1,0.75,0,2,5-Jun
1,1,1.384,3,15:18,15:00,1,0.75,0,2,5-Jun
5,3,1.27,3,15:34,15:00,0,0.75,0,2,5-Jun
2,4,1.125,3,15:34,15:00,0,0.75,0,2,5-Jun
1,5,1.598,3,15:34,15:00,0,0.75,0,2,5-Jun
1,5,1.329,3,15:34,15:00,0,0.75,0,2,5-Jun
1,1,1.499,3,15:34,15:00,0,0.75,0,2,5-Jun
1,1,1.549,3,15:34,15:00,0,0.75,0,2,5-Jun
3,5,1.486,3,15:34,15:00,0,0.75,0,2,5-Jun
3,3,0.925,3,15:34,15:00,0,0.75,0,2,5-Jun
2,3,1.914,3,15:34,15:00,0,0.75,0,2,5-Jun
5,4,1.421,3,15:34,15:00,0,0.75,0,2,5-Jun
1,5,1.842,3,15:34,15:00,0,0.75,1,2,5-Jun
1,1,1.266,3,15:34,15:00,0,0.75,1,2,5-Jun
1,3,1.804,3,15:34,15:00,0,0.75,0,2,5-Jun
4,4,1.557,3,15:34,15:00,0,0.75,0,2,5-Jun
4,4,1.116,3,15:34,15:00,0,0.75,0,2,5-Jun
1,3,2.021,3,15:34,15:00,0,0.75,0,2,5-Jun
1,5,1.251,3,15:34,15:00,0,0.75,0,2,5-Jun
2,4,2.066,3,15:34,15:00,0,0.75,0,2,5-Jun
2,1,1.491,3,15:34,15:00,0,0.75,0,2,5-Jun
1,3,1.519,3,15:34,15:00,0,0.75,0,2,5-Jun
7,9,2.086,3,11:39,11:00,0,1,0,2,6-Jun
1,3,1.838,3,11:39,11:00,0,1,1,2,6-Jun
2,9,1.107,3,11:39,11:00,0,1,0,2,6-Jun
2,4,1.503,3,11:39,11:00,0,1,0,2,6-Jun
6,5,1.406,3,11:54,11:00,0,1,0,2,6-Jun
1,3,1.222,3,11:54,11:00,0,1,0,2,6-Jun
1,3,1.037,3,11:54,11:00,0,1,0,2,6-Jun
1,4,1.669,3,11:54,11:00,0,1,0,2,6-Jun
1,2,1.469,3,11:54,11:00,0,1,0,2,6-Jun
2,4,1.253,3,11:54,11:00,0,1,0,2,6-Jun
1,1,1.197,3,11:54,11:00,0,1,0,2,6-Jun
2,4,1.313,3,12:13,12:00,1,1,0,2,6-Jun
1,5,2.464,3,12:13,12:00,1,1,0,2,6-Jun
1,1,1.488,3,12:13,12:00,1,1,0,2,6-Jun
1,5,1.608,3,12:13,12:00,1,1,0,2,6-Jun
1,3,1.151,3,12:13,12:00,1,1,0,2,6-Jun
1,1,1.636,3,12:13,12:00,1,1,0,2,6-Jun
1,5,1.675,3,12:13,12:00,1,1,0,2,6-Jun
1,3,1.805,3,12:13,12:00,1,1,0,2,6-Jun
1,3,1.437,3,12:13,12:00,1,1,0,2,6-Jun
1,1,1.291,3,12:19,12:00,1,1,0,2,6-Jun
1,1,1.189,3,12:19,12:00,1,1,0,2,6-Jun
1,9,1.709,3,12:19,12:00,1,1,0,2,6-Jun
4,4,1.324,3,13:11,13:00,0,1.25,0,2,6-Jun
1,3,1.022,3,13:11,13:00,0,1.25,0,2,6-Jun
2,3,0.876,3,13:11,13:00,0,1.25,0,2,6-Jun
1,2,1.209,3,13:26,13:00,1,1.25,0,2,6-Jun
1,1,2.202,3,14:16,14:00,1,0.75,0,2,6-Jun
1,2,1.488,3,14:16,14:00,1,0.75,0,2,6-Jun
2,3,1.6,3,14:16,14:00,1,0.75,0,2,6-Jun
4,4,1.226,3,14:16,14:00,1,0.75,0,2,6-Jun
1,3,1.617,3,14:16,14:00,1,0.75,0,2,6-Jun
1,1,1.22,3,14:16,14:00,1,0.75,1,2,6-Jun
1,3,1.286,3,14:16,14:00,1,0.75,1,2,6-Jun
1,3,1.249,3,14:16,14:00,1,0.75,1,2,6-Jun
1,1,1.317,3,14:16,14:00,1,0.75,0,2,6-Jun
1,1,1.452,3,14:16,14:00,1,0.75,0,2,6-Jun
1,5,1.509,3,14:16,14:00,1,0.75,0,2,6-Jun
1,5,1.944,3,14:16,14:00,1,0.75,0,2,6-Jun
1,1,1.638,3,14:16,14:00,1,0.75,0,2,6-Jun
1,3,1.526,3,14:16,14:00,1,0.75,0,2,6-Jun
1,5,1.123,3,14:43,14:00,1,0.5,0,2,6-Jun
1,3,2.163,3,14:43,14:00,1,0.5,0,2,6-Jun
1,3,2.433,3,14:43,14:00,1,0.5,1,2,6-Jun
2,4,1.724,3,14:43,14:00,1,0.5,0,2,6-Jun
1,3,1.253,3,14:43,14:00,1,0.5,0,2,6-Jun
1,3,1.161,3,14:43,14:00,1,0.5,0,2,6-Jun
1,1,1.953,3,14:43,14:00,1,0.5,0,2,6-Jun
1,6,0.82,3,14:43,14:00,1,0.5,0,2,6-Jun
7,9,1.677,3,15:27,15:00,0,0.25,0,2,6-Jun
2,4,1.024,3,15:27,15:00,0,0.25,0,2,6-Jun
1,9,1.071,3,15:27,15:00,0,0.25,0,2,6-Jun
1,1,1.138,3,15:27,15:00,0,0.25,0,2,6-Jun
1,1,1.763,3,15:27,15:00,0,0.25,0,2,6-Jun
1,3,2.387,3,15:27,15:00,0,0.25,0,2,6-Jun
1,1,1.253,3,15:27,15:00,0,0.25,0,2,6-Jun
1,3,0.914,3,15:27,15:00,0,0.25,0,2,6-Jun
1,3,1.284,3,15:27,15:00,0,0.25,0,2,6-Jun
1,1,1.733,3,15:27,15:00,0,0.25,0,2,6-Jun
1,9,1.516,3,15:27,15:00,0,0.25,0,2,6-Jun
2,4,1.896,3,15:27,15:00,0,0.25,0,2,6-Jun
1,2,1.749,3,15:27,15:00,0,0.25,0,2,6-Jun
1,5,1.703,3,15:27,15:00,0,0.25,0,2,6-Jun
1,1,1.435,3,15:27,15:00,0,0.25,0,2,6-Jun
2,4,1.124,3,15:27,15:00,0,0.25,0,2,6-Jun
2,5,1.608,3,15:27,15:00,0,0.25,0,2,6-Jun
1,3,1.429,3,15:27,15:00,0,0.25,0,2,6-Jun
2,4,1.835,3,15:27,15:00,0,0.25,0,2,6-Jun
1,3,1.751,3,15:27,15:00,0,0.25,0,2,6-Jun
2,4,1.867,3,15:27,15:00,0,0.25,0,2,6-Jun
1,1,1.948,3,15:27,15:00,0,0.25,0,2,6-Jun
1,2,1.525,3,15:27,15:00,0,0.25,0,2,6-Jun
1,3,1.793,3,15:27,15:00,0,0.25,0,2,6-Jun
2,4,1.838,3,15:27,15:00,0,0.25,0,2,6-Jun
1,1,1.463,3,15:27,15:00,0,0.25,0,2,6-Jun
6,3,1.305,3,15:27,15:00,0,0.25,0,2,6-Jun
1,5,1.777,3,15:27,15:00,0,0.25,1,2,6-Jun
1,4,1.584,3,15:27,15:00,0,0.25,1,2,6-Jun
1,6,1.604,3,15:27,15:00,0,0.25,1,2,6-Jun
1,1,1.764,3,15:27,15:00,0,0.25,1,2,6-Jun
1,3,1.424,3,15:27,15:00,0,0.25,1,2,6-Jun
1,1,2.47,3,15:27,15:00,0,0.25,1,2,6-Jun
1,2,2.661,3,15:27,15:00,0,0.25,0,2,6-Jun
1,1,1.037,3,11:51,11:00,1,0.5,0,2,7-Jun
1,2,1.937,3,11:51,11:00,1,0.5,0,2,7-Jun
1,1,1.533,3,11:51,11:00,1,0.5,0,2,7-Jun
1,3,1.36,3,11:51,11:00,1,0.5,0,2,7-Jun
1,6,1.105,3,11:51,11:00,1,0.5,0,2,7-Jun
1,3,1.381,3,11:51,11:00,1,0.5,0,2,7-Jun
1,3,1.196,3,11:51,11:00,1,0.5,0,2,7-Jun
1,4,1.362,3,11:51,11:00,1,0.5,0,2,7-Jun
1,1,1.021,3,11:51,11:00,1,0.5,0,2,7-Jun
1,3,1.686,3,11:51,11:00,1,0.5,0,2,7-Jun
1,1,1.407,3,11:51,11:00,1,0.5,0,2,7-Jun
2,2,1.593,3,11:51,11:00,1,0.5,0,2,7-Jun
1,1,1.197,3,11:51,11:00,1,0.5,0,2,7-Jun
1,1,2.249,3,11:51,11:00,1,0.5,0,2,7-Jun
3,5,1.964,3,11:51,11:00,1,0.5,0,2,7-Jun
1,5,1.541,3,11:51,11:00,1,0.5,0,2,7-Jun
1,5,1.846,3,11:51,11:00,1,0.5,0,2,7-Jun
1,6,1.544,3,11:51,11:00,1,0.5,0,2,7-Jun
1,5,1.284,3,11:51,11:00,1,0.5,0,2,7-Jun
5,1,1.016,3,11:51,11:00,1,0.5,0,2,7-Jun
1,3,1.516,3,11:51,11:00,1,0.5,0,2,7-Jun
1,2,1.642,3,11:51,11:00,1,0.5,0,2,7-Jun
7,2,1.26,3,11:51,11:00,1,0.5,0,2,7-Jun
6,3,1.255,3,11:51,11:00,1,0.5,0,2,7-Jun
6,1,1.557,3,11:51,11:00,1,0.5,0,2,7-Jun
2,2,1.629,3,11:51,11:00,1,0.5,0,2,7-Jun
1,6,1.111,3,11:51,11:00,1,0.5,0,2,7-Jun
1,5,1.961,3,11:51,11:00,1,0.5,0,2,7-Jun
1,6,1.847,3,11:51,11:00,1,0.5,0,2,7-Jun
3,6,1.398,3,11:51,11:00,1,0.5,0,2,7-Jun
1,3,1.443,3,11:51,11:00,1,0.5,0,2,7-Jun
2,4,1.9,3,11:51,11:00,1,0.5,0,2,7-Jun
1,6,1.569,3,11:51,11:00,1,0.5,0,2,7-Jun
2,4,2.279,3,11:51,11:00,1,0.5,0,2,7-Jun
1,1,1.633,3,11:51,11:00,1,0.5,0,2,7-Jun
1,3,1.162,3,11:51,11:00,1,0.5,0,2,7-Jun
2,3,1.106,3,11:51,11:00,1,0.5,0,2,7-Jun
7,6,1.055,3,11:51,11:00,1,0.5,0,2,7-Jun
1,3,1.737,3,11:51,11:00,1,0.5,0,2,7-Jun
1,5,1.368,3,11:51,11:00,1,0.5,1,2,7-Jun
1,4,1.492,3,11:58,11:00,0,0.5,0,2,7-Jun
1,1,1.443,3,11:58,11:00,0,0.5,0,2,7-Jun
2,4,1.714,3,11:58,11:00,0,0.5,0,2,7-Jun
1,1,0.883,3,11:58,11:00,0,0.5,0,2,7-Jun
1,3,1.28,3,11:58,11:00,0,0.5,0,2,7-Jun
2,4,1.192,3,11:58,11:00,0,0.5,0,2,7-Jun
1,1,1.319,3,11:58,11:00,0,0.5,0,2,7-Jun
2,5,1.441,3,11:58,11:00,0,0.5,0,2,7-Jun
3,1,0.984,3,11:58,11:00,0,0.5,0,2,7-Jun
1,5,1.212,3,11:58,11:00,0,0.5,0,2,7-Jun
1,2,1.452,3,11:58,11:00,0,0.5,0,2,7-Jun
1,3,1.845,3,11:58,11:00,0,0.5,0,2,7-Jun
1,1,1.74,3,11:58,11:00,0,0.5,0,2,7-Jun
1,3,1.512,3,11:58,11:00,0,0.5,0,2,7-Jun
1,2,1.847,3,11:58,11:00,0,0.5,0,2,7-Jun
1,3,1.561,3,11:58,11:00,0,0.5,0,2,7-Jun
1,1,1.985,3,11:58,11:00,0,0.5,0,2,7-Jun
1,3,1.047,3,11:58,11:00,0,0.5,0,2,7-Jun
1,3,1.315,3,11:58,11:00,0,0.5,0,2,7-Jun
2,4,1.116,3,11:58,11:00,0,0.5,0,2,7-Jun
2,4,1.259,3,11:58,11:00,0,0.5,0,2,7-Jun
1,4,1.58,3,11:58,11:00,0,0.5,0,2,7-Jun
5,2,1.676,3,11:58,11:00,0,0.5,0,2,7-Jun
1,3,1.286,3,11:58,11:00,0,0.5,0,2,7-Jun
2,2,1.608,3,11:58,11:00,0,0.5,0,2,7-Jun
1,6,1.49,3,11:58,11:00,0,0.5,0,2,7-Jun
1,4,1.412,3,11:58,11:00,0,0.5,0,2,7-Jun
3,5,1.411,3,11:58,11:00,0,0.5,0,2,7-Jun
1,3,2.108,3,12:13,12:00,1,0.75,0,2,7-Jun
1,1,1.425,3,12:13,12:00,1,0.75,0,2,7-Jun
1,1,0.691,3,12:13,12:00,1,0.75,0,2,7-Jun
2,3,1.025,3,12:13,12:00,1,0.75,0,2,7-Jun
5,2,1.904,3,12:13,12:00,1,0.75,0,2,7-Jun
1,5,1.495,3,12:13,12:00,1,0.75,0,2,7-Jun
1,1,1.459,3,12:13,12:00,1,0.75,0,2,7-Jun
7,4,1.189,3,12:13,12:00,1,0.75,0,2,7-Jun
3,5,1.008,3,12:13,12:00,1,0.75,1,2,7-Jun
1,1,1.349,3,12:13,12:00,1,0.75,1,2,7-Jun
1,3,1.134,3,12:13,12:00,1,0.75,1,2,7-Jun
2,4,1.524,3,12:13,12:00,1,0.75,0,2,7-Jun
1,1,1.853,3,12:13,12:00,1,0.75,0,2,7-Jun
1,1,0.809,5,10:41,10:00,1,1.25,0,1,19-Jun
1,1,1.06,5,10:41,10:00,1,1.25,0,1,19-Jun
1,5,1.5,5,10:41,10:00,1,1.25,0,1,19-Jun
1,1,1.427,5,10:41,10:00,1,1.25,0,1,19-Jun
1,5,1.725,5,10:41,10:00,1,1.25,0,1,19-Jun
1,5,1.413,5,10:41,10:00,1,1.25,0,1,19-Jun
1,3,1.296,5,10:41,10:00,1,1.25,0,1,19-Jun
3,6,1.037,5,10:41,10:00,1,1.25,0,1,19-Jun
3,1,0.999,5,10:41,10:00,1,1.25,0,1,19-Jun
1,3,1.359,5,10:41,10:00,1,1.25,0,1,19-Jun
3,6,1.073,5,10:41,10:00,1,1.25,0,1,19-Jun
1,2,1.14,5,10:41,10:00,1,1.25,0,1,19-Jun
1,5,1.222,5,10:41,10:00,1,1.25,0,1,19-Jun
1,3,1.64,5,10:41,10:00,1,1.25,0,1,19-Jun
2,4,1.68,5,10:41,10:00,1,1.25,0,1,19-Jun
1,1,1.268,5,10:41,10:00,1,1.25,0,1,19-Jun
1,2,1.848,5,10:41,10:00,1,1.25,0,1,19-Jun
3,1,1.472,5,10:41,10:00,1,1.25,0,1,19-Jun
2,4,1.583,5,10:41,10:00,1,1.25,0,1,19-Jun
1,3,1.36,5,10:41,10:00,1,1.25,0,1,19-Jun
5,1,1.255,5,10:41,10:00,1,1.25,0,1,19-Jun
1,2,1.492,5,10:41,10:00,1,1.25,0,1,19-Jun
5,1,1.396,5,10:41,10:00,1,1.25,0,1,19-Jun
1,3,0.993,5,10:41,10:00,1,1.25,0,1,19-Jun
1,5,1.106,5,10:41,10:00,1,1.25,0,1,19-Jun
3,1,1.744,5,10:41,10:00,1,1.25,0,1,19-Jun
5,1,1.16,5,10:41,10:00,1,1.25,0,1,19-Jun
1,6,2.003,5,10:41,10:00,1,1.25,0,1,19-Jun
1,1,1.345,5,10:41,10:00,1,1.25,0,1,19-Jun
1,1,1.287,5,10:41,10:00,1,1.25,0,1,19-Jun
4,2,1.528,5,10:41,10:00,1,1.25,0,1,19-Jun
5,4,1.736,5,10:41,10:00,1,1.25,0,1,19-Jun
5,4,0.822,5,10:41,10:00,1,1.25,0,1,19-Jun
4,4,1.036,5,10:41,10:00,1,1.25,0,1,19-Jun
1,1,1.163,5,10:41,10:00,1,1.25,0,1,19-Jun
1,5,1.81,5,10:41,10:00,1,1.25,0,1,19-Jun
1,1,1.531,5,10:41,10:00,1,1.25,0,1,19-Jun
1,5,1.395,5,10:41,10:00,1,1.25,0,1,19-Jun
6,3,0.89,5,10:41,10:00,1,1.25,0,1,19-Jun
1,3,2.004,5,10:41,10:00,1,1.25,0,1,19-Jun
1,3,1.247,5,10:41,10:00,1,1.25,0,1,19-Jun
1,1,2,5,10:41,10:00,1,1.25,0,1,19-Jun
1,3,1.317,5,11:09,10:00,1,1.25,0,1,19-Jun
2,4,1.331,5,11:09,10:00,1,1.25,0,1,19-Jun
1,1,1.123,5,11:09,10:00,1,1.25,0,1,19-Jun
1,3,0.824,5,11:09,10:00,1,1.25,0,1,19-Jun
1,3,1.377,5,11:09,10:00,1,1.25,0,1,19-Jun
1,1,1.224,5,11:09,10:00,1,1.25,0,1,19-Jun
1,1,1.217,5,11:09,10:00,1,1.25,0,1,19-Jun
1,2,1.372,5,11:09,10:00,1,1.25,0,1,19-Jun
2,4,1.105,5,11:09,10:00,1,1.25,0,1,19-Jun
1,1,1.088,5,11:09,10:00,1,1.25,0,1,19-Jun
3,3,2.245,5,11:09,10:00,1,1.25,0,1,19-Jun
2,3,1.313,5,11:09,10:00,1,1.25,0,1,19-Jun
1,5,1.467,5,11:09,10:00,1,1.25,0,1,19-Jun
1,2,1.702,5,11:09,10:00,1,1.25,0,1,19-Jun
1,2,1.574,5,11:09,10:00,1,1.25,0,1,19-Jun
1,1,1.377,5,11:09,10:00,1,1.25,0,1,19-Jun
2,1,2.42,5,11:09,10:00,1,1.25,0,1,19-Jun
1,3,1.495,5,11:09,10:00,1,1.25,0,1,19-Jun
1,2,0.836,5,11:09,10:00,1,1.25,0,1,19-Jun
1,2,2.03,5,11:09,10:00,1,1.25,0,1,19-Jun
1,1,1.806,5,11:09,10:00,1,1.25,0,1,19-Jun
1,3,1.136,5,11:09,10:00,1,1.25,0,1,19-Jun
5,9,0.875,5,11:09,10:00,1,1.25,0,1,19-Jun
1,1,1.421,5,11:09,10:00,1,1.25,0,1,19-Jun
1,3,1.11,5,11:09,10:00,1,1.25,0,1,19-Jun
5,4,1.349,5,11:09,10:00,1,1.25,0,1,19-Jun
1,1,1.553,5,11:09,10:00,1,1.25,0,1,19-Jun
1,3,1.303,5,11:09,10:00,1,1.25,0,1,19-Jun
1,2,1.662,5,11:09,10:00,1,1.25,0,1,19-Jun
1,1,1.378,5,11:09,10:00,1,1.25,0,1,19-Jun
1,1,1.397,5,11:09,10:00,1,1.25,0,1,19-Jun
6,4,1.167,5,11:09,10:00,1,1.25,0,1,19-Jun
1,1,1.982,5,11:09,10:00,1,1.25,0,1,19-Jun
1,1,1.739,5,11:09,10:00,1,1.25,0,1,19-Jun
6,4,0.913,5,11:09,10:00,1,1.25,0,1,19-Jun
1,1,1.002,5,11:09,10:00,1,1.25,0,1,19-Jun
2,4,1.176,5,11:09,10:00,1,1.25,0,1,19-Jun
1,3,1.101,5,11:09,10:00,1,1.25,0,1,19-Jun
1,5,1.382,4,11:09,10:00,1,1.25,0,1,19-Jun
4,2,1.154,4,11:09,10:00,1,1.25,0,1,19-Jun
1,3,1.458,5,11:00,10:00,1,1.25,0,1,19-Jun
1,3,1.445,5,11:00,10:00,1,1.25,0,1,19-Jun
1,1,1.374,5,11:00,10:00,1,1.25,0,1,19-Jun
1,1,1.135,5,11:00,10:00,1,1.25,0,1,19-Jun
6,3,1.302,5,11:00,10:00,1,1.25,0,1,19-Jun
1,4,1.392,5,11:00,10:00,1,1.25,0,1,19-Jun
1,1,1.48,5,11:00,10:00,1,1.25,0,1,19-Jun
1,2,0.979,5,11:00,10:00,1,1.25,0,1,19-Jun
2,9,1.354,5,11:00,10:00,1,1.25,0,1,19-Jun
1,3,1.26,5,11:00,10:00,1,1.25,0,1,19-Jun
1,2,1.172,5,11:00,10:00,1,1.25,0,1,19-Jun
5,4,0.814,5,11:00,10:00,1,1.25,0,1,19-Jun
1,1,0.9,5,11:00,10:00,1,1.25,0,1,19-Jun
1,6,1.031,5,11:00,10:00,1,1.25,0,1,19-Jun